Značka,Model,První registrace,Cena,Najeto,Výkon,Palivo,Spotřeba,Převodovka
Suzuki,Swift,4/2021,334 260 Kč,107 000 km,61 kW,Benzín,4.7 l/100km,Manuál
BMW,340,7/2022,1 496 760 Kč,38 000 km,275 kW,Benzín,7.4 l/100km,Automat
Toyota,Proace,6/2020,302 260 Kč,106 356 km,90 kW,Diesel,5.3 l/100km,Manuál
Audi,Q6,12/2024,2 734 260 Kč,2 000 km,240 kW,Elektro,,Automat
Volkswagen,T5 Transporter,9/2014,215 260 Kč,112 000 km,62 kW,Diesel,7.5 l/100km,Manuál
Mercedes-Benz,CLA 250 Shooting Brake,12/2021,730 260 Kč,61 568 km,160 kW,Hybrid,,Automat
Jeep,Renegade,1/2023,628 760 Kč,67 km,95 kW,Benzín,5.5 l/100km,Automat
Mercedes-Benz,GLC 300,7/2023,1 758 760 Kč,21 000 km,230 kW,Hybrid,,Automat
Ford,Transit,10/2013,97 260 Kč,163 000 km,74 kW,Diesel,8.1 l/100km,Manuál
BMW,X6 M,5/2018,1 291 260 Kč,95 891 km,423 kW,Benzín,10.8 l/100km,Automat
Fiat,Ducato,9/2014,153 760 Kč,111 200 km,85 kW,Diesel,8 l/100km,Manuál
Volkswagen,T5 Transporter,3/2014,237 760 Kč,109 000 km,62 kW,Diesel,7.5 l/100km,Manuál
Volkswagen,T5 Transporter,7/2014,215 260 Kč,170 000 km,62 kW,Diesel,7.5 l/100km,Manuál
Fiat,Ducato,7/2021,447 760 Kč,89 000 km,103 kW,Diesel,5.2 l/100km,Manuál
BMW,540,8/2023,2 225 760 Kč,20 000 km,250 kW,Diesel,5.8 l/100km,Automat
Škoda,Yeti,9/2017,485 760 Kč,20 273 km,81 kW,Benzín,5.5 l/100km,Automat
Citroën,Jumper,1/2020,197 260 Kč,174 000 km,103 kW,Diesel,6.7 l/100km,Manuál
Suzuki,Ignis,3/2020,324 260 Kč,70 900 km,66 kW,Benzín,4.7 l/100km,Manuál
Volkswagen,T5 Transporter,7/2013,185 760 Kč,103 000 km,62 kW,Diesel,7.5 l/100km,Manuál
Opel,Vivaro,7/2019,403 260 Kč,117 335 km,92 kW,Diesel,6 l/100km,Manuál
Citroën,C3,11/2014,82 260 Kč,115 000 km,50 kW,Benzín,4.1 l/100km,Manuál
Volkswagen,T6 Transporter,1/2021,573 260 Kč,167 236 km,110 kW,Diesel,6.6 l/100km,Automat
Volkswagen,T6 Transporter,1/2022,817 760 Kč,115 414 km,110 kW,Diesel,6.6 l/100km,Automat
Renault,Scenic,2/2012,104 760 Kč,124 000 km,96 kW,Benzín,7.3 l/100km,Manuál
Fiat,Scudo,6/2015,220 760 Kč,78 982 km,94 kW,Diesel,6.9 l/100km,Manuál
Toyota,RAV4,1/2024,1 109 760 Kč,500 km,130 kW,Benzín,4.5 l/100km,Automat
Fiat,Scudo,6/2015,220 760 Kč,78 982 km,94 kW,Diesel,6.9 l/100km,Manuál
Ford,Grand C-Max,4/2018,182 260 Kč,156 571 km,88 kW,Diesel,4.9 l/100km,Manuál
Citroën,C4 SpaceTourer,1/2020,240 760 Kč,110 580 km,96 kW,Diesel,4 l/100km,Manuál
Fiat,500X,5/2021,428 260 Kč,104 000 km,96 kW,Diesel,5.2 l/100km,Manuál
Volkswagen,T5 Transporter,6/2014,279 760 Kč,126 000 km,62 kW,Diesel,7.5 l/100km,Manuál
Mercedes-Benz,Vito,9/2020,381 760 Kč,62 188 km,100 kW,Diesel,6.5 l/100km,Manuál
Nissan,Micra,7/2012,97 260 Kč,170 688 km,59 kW,Benzín,5 l/100km,Manuál
Ford,Ranger,12/2024,1 364 260 Kč,0 km,177 kW,Diesel,10 l/100km,Automat
Alfa Romeo,Giulia,10/2023,1 529 260 Kč,1 km,375 kW,Benzín,10 l/100km,Automat
Smart,ForFour,3/2022,292 260 Kč,20 214 km,60 kW,Elektro,,Automat
Hyundai,i10,2/2012,121 260 Kč,102 046 km,51 kW,Benzín,4.6 l/100km,Manuál
Citroën,C4 SpaceTourer,1/2020,240 760 Kč,110 580 km,96 kW,Diesel,4 l/100km,Manuál
Volkswagen,T5 Transporter,10/2014,267 260 Kč,136 000 km,62 kW,Diesel,7.5 l/100km,Manuál
Citroën,Jumper,6/2024,801 760 Kč,27 km,103 kW,Diesel,10 l/100km,Manuál
Ford,Ranger,12/2024,1 371 760 Kč,0 km,177 kW,Diesel,10 l/100km,Automat
Honda,e:NY1,8/2023,1 043 760 Kč,0 km,150 kW,Elektro,,Automat
Volkswagen,T5 Transporter,8/2014,279 760 Kč,88 500 km,62 kW,Diesel,7.5 l/100km,Manuál
Toyota,Mirai,4/2020,407 760 Kč,63 541 km,113 kW,Vodík,,Automat
Fiat,500X,7/2021,447 260 Kč,88 000 km,96 kW,Diesel,5.2 l/100km,Manuál
Mercedes-Benz,Vito,12/2019,866 260 Kč,49 000 km,140 kW,Diesel,6.6 l/100km,Automat
Volvo,XC60,8/2022,1 055 760 Kč,32 300 km,335 kW,Hybrid,,Automat
Mercedes-Benz,Vito,10/2021,706 760 Kč,11 064 km,150 kW,Elektro,,Automat
Fiat,Ducato,7/2021,507 260 Kč,59 000 km,103 kW,Diesel,7.3 l/100km,Manuál
Alfa Romeo,Stelvio,10/2023,1 497 760 Kč,1 km,375 kW,Benzín,11.7 l/100km,Automat
Tesla,Model Y,1/2023,856 260 Kč,8 260 km,378 kW,Elektro,16.9 kWh/100km,Automat
Ford,Transit Custom,9/2021,400 760 Kč,99 902 km,96 kW,Diesel,7.7 l/100km,Manuál
Jeep,Avenger,1/2024,614 760 Kč,9 900 km,74 kW,Benzín,5.7 l/100km,Manuál
Smart,ForFour,2/2022,330 260 Kč,5 812 km,60 kW,Elektro,,Automat
Kia,EV6,1/2024,973 760 Kč,1 km,168 kW,Elektro,16.5 kWh/100km,Automat
Ford,Transit Custom,1/2019,344 260 Kč,174 000 km,125 kW,Diesel,6.3 l/100km,Manuál
Volkswagen,T6 Transporter,2/2022,1 159 760 Kč,70 701 km,110 kW,Diesel,6.6 l/100km,Automat
Citroën,C5 Aircross,3/2022,697 260 Kč,35 000 km,133 kW,Hybrid,1.3 l/100km,Automat
Fiat,Doblo,1/2014,122 260 Kč,166 400 km,74 kW,Diesel,5.5 l/100km,Manuál
Citroën,C4,6/2023,625 260 Kč,20 km,100 kW,Elektro,16.2 kWh/100km,Automat
Volkswagen,T6 Transporter,1/2021,702 260 Kč,153 377 km,110 kW,Diesel,6.6 l/100km,Automat
Opel,Vivaro,7/2019,330 760 Kč,169 786 km,70 kW,Diesel,6.7 l/100km,Manuál
Volkswagen,T5 Transporter,8/2013,221 260 Kč,79 700 km,62 kW,Diesel,7.5 l/100km,Manuál
Citroën,C4,7/2023,654 760 Kč,500 km,100 kW,Elektro,15.3 kWh/100km,Automat
Citroën,Jumper,11/2018,538 260 Kč,53 000 km,120 kW,Diesel,6.6 l/100km,Manuál
Citroën,Jumper,6/2024,801 760 Kč,17 km,103 kW,Diesel,10 l/100km,Manuál
Audi,e-tron,3/2023,1 071 760 Kč,8 500 km,230 kW,Elektro,,Automat
Volvo,EX30,12/2024,812 260 Kč,0 km,200 kW,Elektro,,Automat
Mercedes-Benz,Vito,10/2019,417 260 Kč,71 900 km,84 kW,Diesel,6.2 l/100km,Manuál
Chevrolet,Spark,9/2013,129 760 Kč,76 500 km,50 kW,Benzín,5 l/100km,Manuál
Citroën,C4,8/2023,587 760 Kč,5 km,100 kW,Elektro,14 kWh/100km,Automat
BMW,520,11/2024,1 407 260 Kč,4 km,140 kW,Benzín,5.8 l/100km,Automat
Citroën,C4,8/2023,573 260 Kč,7 200 km,100 kW,Elektro,15.2 kWh/100km,Automat
Citroën,C4,6/2023,559 760 Kč,15 km,100 kW,Elektro,,Automat
Mercedes-Benz,CLA 180,1/2018,538 760 Kč,65 000 km,80 kW,Diesel,4 l/100km,Automat
Nissan,Townstar,9/2023,315 260 Kč,5 500 km,96 kW,Benzín,6.4 l/100km,Manuál
Ford,Transit,1/2019,405 260 Kč,126 020 km,96 kW,Diesel,7.4 l/100km,Manuál
Opel,Vivaro,1/2018,287 260 Kč,164 352 km,88 kW,Diesel,6.5 l/100km,Manuál
Peugeot,Expert,11/2020,344 760 Kč,136 000 km,90 kW,Diesel,5.6 l/100km,Manuál
Toyota,Proace,8/2020,555 760 Kč,100 692 km,90 kW,Diesel,5.4 l/100km,Manuál
Mercedes-Benz,Citan,7/2017,239 260 Kč,165 501 km,65 kW,Diesel,4.2 l/100km,Manuál
Citroën,C4,6/2023,574 760 Kč,6 400 km,100 kW,Elektro,15.3 kWh/100km,Automat
Jeep,Avenger,3/2024,604 760 Kč,17 826 km,74 kW,Benzín,5.7 l/100km,Manuál
Audi,A3,10/2020,486 760 Kč,130 198 km,85 kW,Diesel,4.5 l/100km,Manuál
Fiat,Ducato,7/2021,373 760 Kč,120 000 km,103 kW,Diesel,6.8 l/100km,Manuál
Renault,Trafic,3/2022,453 260 Kč,100 000 km,81 kW,Diesel,6.9 l/100km,Manuál
Toyota,Mirai,7/2019,492 760 Kč,32 394 km,113 kW,Vodík,,Automat
Citroën,Jumper,6/2024,803 760 Kč,17 km,103 kW,Diesel,10 l/100km,Manuál
Ford,Transit Custom,9/2021,398 760 Kč,130 101 km,96 kW,Diesel,7.7 l/100km,Manuál
Toyota,Proace,12/2024,813 260 Kč,0 km,100 kW,Elektro,23.8 kWh/100km,Automat
Volkswagen,ID.5,12/2024,1 178 760 Kč,0 km,210 kW,Elektro,15.7 kWh/100km,Automat
Citroën,Jumper,6/2021,262 260 Kč,146 278 km,88 kW,Diesel,6.1 l/100km,Manuál
Jeep,Renegade,10/2021,602 260 Kč,29 000 km,140 kW,Benzín,1.9 l/100km,Automat
Volkswagen,T6 Transporter,11/2021,816 260 Kč,98 841 km,110 kW,Diesel,6.6 l/100km,Automat
Peugeot,3008,10/2015,234 260 Kč,142 000 km,88 kW,Diesel,4.2 l/100km,Automat
Citroën,C4,6/2023,573 260 Kč,6 400 km,100 kW,Elektro,15.3 kWh/100km,Automat
Volkswagen,up!,4/2016,207 260 Kč,121 000 km,44 kW,Benzín,4.4 l/100km,Manuál
Audi,A3,9/2012,184 260 Kč,97 565 km,77 kW,Benzín,5.5 l/100km,Manuál
Ford,S-Max,8/2020,318 760 Kč,106 054 km,140 kW,Diesel,5.5 l/100km,Automat
MG,MG4,10/2023,530 260 Kč,5 500 km,125 kW,Elektro,17 kWh/100km,Automat
MG,MG4,3/2023,468 760 Kč,16 277 km,125 kW,Elektro,,Automat
Peugeot,Expert,1/2020,339 760 Kč,134 803 km,90 kW,Diesel,6 l/100km,Manuál
Hyundai,i20,4/2014,109 760 Kč,152 000 km,63 kW,Benzín,4.8 l/100km,Manuál
Suzuki,Swift,1/2024,486 760 Kč,5 072 km,60 kW,Benzín,5.1 l/100km,Automat
Hyundai,ix35,3/2012,164 260 Kč,150 466 km,99 kW,Benzín,6.6 l/100km,Manuál
Hyundai,Inster,1/2025,636 760 Kč,1 km,85 kW,Elektro,,Automat
Toyota,Mirai,3/2019,519 260 Kč,20 000 km,113 kW,Vodík,,Automat
Tesla,Model Y,5/2023,809 260 Kč,107 860 km,255 kW,Elektro,,Automat
Nissan,Leaf,3/2020,283 260 Kč,169 000 km,110 kW,Elektro,,Automat
Audi,A6,7/2023,1 010 260 Kč,13 700 km,195 kW,Benzín,6.8 l/100km,Automat
Volkswagen,T6 Transporter,11/2021,835 260 Kč,93 778 km,110 kW,Diesel,6.6 l/100km,Automat
Toyota,Corolla,9/2020,304 260 Kč,10 km,90 kW,Benzín,3.6 l/100km,Automat
Land Rover,Range Rover Evoque,8/2016,296 760 Kč,97 794 km,110 kW,Diesel,5.1 l/100km,Automat
Jeep,Renegade,8/2023,641 260 Kč,19 100 km,96 kW,Benzín,5.3 l/100km,Automat
SsangYong,Musso,12/2024,880 260 Kč,25 km,149 kW,Diesel,9.2 l/100km,Automat
RAM,1500,3/2023,1 024 260 Kč,12 600 km,294 kW,Benzín,,Automat
Opel,Vivaro,8/2023,569 260 Kč,50 km,100 kW,Elektro,21.7 kWh/100km,Automat
Fiat,Ducato,9/2023,535 760 Kč,42 951 km,103 kW,Diesel,7.9 l/100km,Manuál
BMW,iX1,11/2024,1 002 260 Kč,0 km,150 kW,Elektro,17.2 kWh/100km,Automat
Lancia,Ypsilon,11/2022,281 760 Kč,60 000 km,51 kW,Hybrid,,Manuál
Toyota,Proace,11/2024,857 260 Kč,0 km,100 kW,Elektro,23.8 kWh/100km,Automat
Ford,Explorer,1/2024,1 097 760 Kč,20 km,125 kW,Elektro,,Automat
Jeep,Renegade,3/2022,667 260 Kč,27 408 km,96 kW,Benzín,5.8 l/100km,Automat
Opel,Vivaro,6/2019,493 260 Kč,124 000 km,92 kW,Diesel,6 l/100km,Manuál
Fiat,Talento,6/2020,334 260 Kč,100 000 km,107 kW,Diesel,6.9 l/100km,Manuál
Peugeot,2008,4/2014,126 760 Kč,88 500 km,60 kW,Benzín,4.8 l/100km,Manuál
Audi,A3,12/2024,1 102 760 Kč,0 km,110 kW,Benzín,5.6 l/100km,Automat
Jeep,Renegade,3/2022,667 260 Kč,27 408 km,96 kW,Benzín,5.5 l/100km,Automat
Opel,Astra,1/2021,376 760 Kč,11 111 km,96 kW,Benzín,4.3 l/100km,Manuál
SsangYong,Musso,12/2024,872 260 Kč,25 km,149 kW,Diesel,9.2 l/100km,Automat
Audi,Q8,4/2024,1 395 760 Kč,11 425 km,250 kW,Elektro,23 kWh/100km,Automat
Dacia,Spring,12/2022,351 760 Kč,1 950 km,33 kW,Elektro,13.9 kWh/100km,Automat
DS Automobiles,DS3 Crossback,3/2022,618 760 Kč,5 km,100 kW,Elektro,,Automat
Mercedes-Benz,Vito,10/2018,626 260 Kč,137 446 km,100 kW,Diesel,6.6 l/100km,Automat
Toyota,Hilux,12/2024,1 178 260 Kč,10 km,150 kW,Diesel,7.8 l/100km,Manuál
Volkswagen,Tiguan,7/2017,384 260 Kč,82 000 km,147 kW,Benzín,7.3 l/100km,Automat
Nissan,Townstar,3/2023,445 760 Kč,15 000 km,90 kW,Elektro,,Automat
Volkswagen,ID.5,1/2025,1 116 760 Kč,0 km,220 kW,Elektro,,Automat
Jeep,Renegade,3/2024,640 760 Kč,22 015 km,96 kW,Benzín,5.3 l/100km,Automat
Toyota,Proace,2/2019,385 260 Kč,82 255 km,90 kW,Diesel,5.2 l/100km,Manuál
SsangYong,Rexton,2/2015,283 760 Kč,82 850 km,114 kW,Diesel,9.2 l/100km,Automat
Volvo,C40,12/2024,1 325 260 Kč,0 km,257 kW,Elektro,,Automat
Mercedes-Benz,C 300,11/2023,1 071 760 Kč,12 870 km,230 kW,Hybrid,,Automat
Jeep,Renegade,3/2024,641 760 Kč,21 214 km,96 kW,Benzín,5.3 l/100km,Automat
Mercedes-Benz,Vito,6/2020,740 260 Kč,83 722 km,120 kW,Diesel,7.4 l/100km,Manuál
Renault,Trafic,1/2016,323 260 Kč,147 231 km,88 kW,Diesel,5.8 l/100km,Manuál
Nissan,Ariya,1/2023,1 197 760 Kč,1 km,178 kW,Elektro,,Automat
Citroën,C4,5/2023,601 760 Kč,3 km,100 kW,Elektro,15.5 kWh/100km,Automat
Ford,Ranger,12/2024,1 694 260 Kč,0 km,177 kW,Diesel,10 l/100km,Automat
Alfa Romeo,Tonale,12/2022,793 760 Kč,1 km,118 kW,Benzín,5.7 l/100km,Automat
Toyota,Aygo,4/2013,134 760 Kč,94 000 km,50 kW,Benzín,4.4 l/100km,Manuál
Mercedes-Benz,Vito,12/2017,496 760 Kč,103 427 km,120 kW,Diesel,6.5 l/100km,Manuál
Jeep,Renegade,2/2024,734 260 Kč,10 km,96 kW,Benzín,5.6 l/100km,Automat
Citroën,Jumpy,7/2019,405 260 Kč,72 138 km,90 kW,Diesel,5.4 l/100km,Manuál
Citroën,Jumpy,11/2019,356 760 Kč,169 463 km,90 kW,Diesel,5.4 l/100km,Manuál
Ford,Ranger,12/2024,1 688 260 Kč,0 km,177 kW,Diesel,10 l/100km,Automat
Ford,Transit,2/2021,655 260 Kč,58 000 km,136 kW,Diesel,9.5 l/100km,Automat
Alfa Romeo,Stelvio,6/2021,744 260 Kč,10 500 km,206 kW,Benzín,7 l/100km,Automat
Nissan,Leaf,10/2023,628 760 Kč,8 000 km,160 kW,Elektro,17.8 kWh/100km,Automat
Cupra,Tavascan,8/2024,1 274 260 Kč,880 km,250 kW,Elektro,16.8 kWh/100km,Automat
Renault,Trafic,4/2019,506 260 Kč,81 391 km,89 kW,Diesel,6.2 l/100km,Manuál
Ora,Funky Cat,6/2023,522 760 Kč,2 900 km,126 kW,Elektro,,Automat
Ford,Bronco,7/2024,1 523 260 Kč,1 800 km,246 kW,Benzín,13.4 l/100km,Automat
Volvo,EX30,12/2024,1 127 260 Kč,0 km,315 kW,Elektro,17.5 kWh/100km,Automat
Volkswagen,up!,1/2020,250 760 Kč,173 958 km,44 kW,Benzín,4.4 l/100km,Manuál
Ford,Ranger,3/2025,1 827 260 Kč,10 km,177 kW,Diesel,10.6 l/100km,Automat
BMW,iX1,10/2024,1 029 760 Kč,0 km,150 kW,Elektro,16.7 kWh/100km,Automat
Ford,Transit Custom,9/2021,455 760 Kč,77 230 km,96 kW,Diesel,6.2 l/100km,Manuál
Audi,Q6,1/2025,1 289 260 Kč,3 100 km,215 kW,Elektro,16.1 kWh/100km,Automat
Mercedes-Benz,S 63 AMG,11/2014,1 417 760 Kč,139 900 km,430 kW,Benzín,9.9 l/100km,Automat
Volkswagen,T6 Transporter,11/2015,267 260 Kč,127 000 km,62 kW,Diesel,6.6 l/100km,Manuál
Land Rover,Defender,2/2014,1 214 760 Kč,27 700 km,90 kW,Diesel,11.1 l/100km,Manuál
Volvo,EX30,12/2024,944 260 Kč,0 km,200 kW,Elektro,,Automat
Nissan,Leaf,3/2020,382 760 Kč,64 300 km,110 kW,Elektro,17.1 kWh/100km,Automat
Volvo,EX30,12/2024,945 260 Kč,0 km,200 kW,Elektro,17.5 kWh/100km,Automat
Mercedes-Benz,C 300,11/2023,1 023 260 Kč,9 398 km,230 kW,Hybrid,,Automat
Audi,S5,10/2021,1 162 260 Kč,44 078 km,251 kW,Diesel,6.4 l/100km,Automat
Smart,ForFour,1/2021,285 260 Kč,9 153 km,60 kW,Elektro,18.4 kWh/100km,Automat
Volkswagen,Arteon,4/2024,1 103 760 Kč,9 798 km,235 kW,Benzín,8.9 l/100km,Automat
Fiat,Doblo,6/2015,152 260 Kč,165 773 km,66 kW,Diesel,5.5 l/100km,Manuál
Ford,Ranger,9/2021,588 260 Kč,113 500 km,156 kW,Diesel,7.8 l/100km,Automat
BYD,Dolphin,2/2024,720 760 Kč,9 999 km,150 kW,Elektro,15.9 kWh/100km,Automat
Ford,Ranger,12/2024,1 574 760 Kč,10 km,177 kW,Diesel,10 l/100km,Automat
Volkswagen,ID.3,12/2021,637 260 Kč,0 km,152 kW,Elektro,,Automat
Ford,Ranger,1/2021,801 760 Kč,44 489 km,156 kW,Diesel,7.8 l/100km,Automat
Land Rover,Discovery,11/2024,1 408 260 Kč,17 km,221 kW,Diesel,8.3 l/100km,Automat
Kia,EV3,1/2024,781 760 Kč,1 km,150 kW,Elektro,,Automat
Genesis,GV60,2/2022,1 206 760 Kč,21 850 km,360 kW,Elektro,,Automat
Volkswagen,Touran,1/2023,601 260 Kč,107 200 km,90 kW,Diesel,4.9 l/100km,Manuál
Mazda,MX-30,1/2023,598 260 Kč,12 km,107 kW,Elektro,17.9 kWh/100km,Automat
Audi,e-tron,6/2024,1 442 760 Kč,5 840 km,300 kW,Elektro,,Automat
Mercedes-Benz,C 300,12/2023,1 062 760 Kč,2 500 km,230 kW,Hybrid,,Automat
Toyota,Aygo X,11/2024,434 260 Kč,0 km,53 kW,Benzín,4.1 l/100km,Manuál
Audi,A6 Allroad,5/2022,1 133 760 Kč,53 925 km,253 kW,Diesel,6.3 l/100km,Automat
Mercedes-Benz,B 250,11/2022,573 260 Kč,22 894 km,160 kW,Hybrid,,Automat
MG,ZS,6/2023,681 260 Kč,8 142 km,115 kW,Elektro,,Automat
Opel,Vivaro,7/2019,570 760 Kč,75 510 km,92 kW,Diesel,6 l/100km,Manuál
Ford,Ranger,12/2024,1 680 760 Kč,0 km,177 kW,Diesel,10 l/100km,Automat
MG,MG4,9/2024,602 260 Kč,5 000 km,125 kW,Elektro,17 kWh/100km,Automat
Cupra,Born,2/2022,773 260 Kč,16 490 km,150 kW,Elektro,,Automat
Fiat,Ducato,12/2018,589 760 Kč,23 071 km,96 kW,Diesel,7.1 l/100km,Manuál
Renault,Clio,1/2023,469 260 Kč,20 550 km,105 kW,Hybrid,,Automat
Mercedes-Benz,Citan,11/2024,670 760 Kč,0 km,70 kW,Diesel,5.2 l/100km,Manuál
Volvo,EX30,1/2024,1 261 260 Kč,10 km,343 kW,Elektro,,Automat
BMW,530,3/2022,786 760 Kč,88 867 km,215 kW,Hybrid,,Automat
Fiat,500X,6/2021,700 760 Kč,35 000 km,96 kW,Diesel,5.2 l/100km,Manuál
DS Automobiles,DS3 Crossback,12/2022,602 260 Kč,1 827 km,100 kW,Elektro,,Automat
Volkswagen,T5 Transporter,2/2013,211 760 Kč,63 000 km,62 kW,Diesel,7.6 l/100km,Manuál
Cupra,Tavascan,8/2024,1 270 260 Kč,2 670 km,250 kW,Elektro,16.8 kWh/100km,Automat
Citroën,Jumper,8/2024,818 760 Kč,5 km,103 kW,Diesel,10 l/100km,Manuál
MG,MG4,4/2024,544 260 Kč,7 989 km,125 kW,Elektro,17 kWh/100km,Automat
Citroën,C4,7/2023,681 260 Kč,50 km,100 kW,Elektro,15.3 kWh/100km,Automat
Citroën,C4,9/2023,681 260 Kč,2 km,100 kW,Elektro,15.1 kWh/100km,Automat
Nissan,Leaf,6/2020,382 260 Kč,62 120 km,110 kW,Elektro,17.1 kWh/100km,Automat
Opel,Vivaro,6/2019,349 760 Kč,129 737 km,92 kW,Diesel,6.6 l/100km,Manuál
Opel,Astra,9/2019,284 260 Kč,90 180 km,110 kW,Benzín,5.9 l/100km,Manuál
Renault,Clio,12/2024,623 760 Kč,0 km,105 kW,Hybrid,,Automat
MG,MG4,9/2024,559 760 Kč,100 km,125 kW,Elektro,17 kWh/100km,Automat
Mercedes-Benz,B 250,11/2022,573 260 Kč,20 225 km,160 kW,Hybrid,,Automat
Nissan,Ariya,4/2023,813 260 Kč,18 000 km,160 kW,Elektro,,Automat
Mercedes-Benz,C 300,11/2022,850 260 Kč,5 350 km,190 kW,Benzín,,Automat
Fiat,Talento,12/2020,271 760 Kč,135 000 km,88 kW,Diesel,5.6 l/100km,Manuál
Mercedes-Benz,E 300,6/2022,747 260 Kč,137 000 km,225 kW,Hybrid,,Automat
Citroën,C4,5/2023,631 760 Kč,3 km,100 kW,Elektro,,Automat
Citroën,Jumpy,2/2022,309 260 Kč,145 522 km,89 kW,Diesel,4.9 l/100km,Manuál
Kia,EV6,1/2024,1 135 260 Kč,5 km,168 kW,Elektro,16.5 kWh/100km,Automat
Genesis,G80,2/2022,1 011 260 Kč,26 384 km,272 kW,Elektro,,Automat
Maxus,Deliver 3,6/2024,569 760 Kč,100 km,90 kW,Elektro,,Automat
Citroën,Jumpy,1/2020,608 760 Kč,172 867 km,90 kW,Diesel,5.4 l/100km,Automat
Honda,e:NY1,7/2024,773 760 Kč,5 000 km,150 kW,Elektro,,Automat
Smart,ForFour,10/2019,242 760 Kč,39 280 km,60 kW,Elektro,,Automat
Citroën,Jumper,2/2024,662 760 Kč,10 km,103 kW,Diesel,10 l/100km,Manuál
Citroën,C4,9/2023,541 760 Kč,6 686 km,100 kW,Elektro,,Automat
Audi,e-tron,1/2023,931 260 Kč,30 576 km,300 kW,Elektro,,Automat
Toyota,Mirai,2/2019,536 260 Kč,27 483 km,113 kW,Vodík,,Automat
Hyundai,Inster,12/2024,616 260 Kč,0 km,71 kW,Elektro,14.3 kWh/100km,Automat
BMW,X4,4/2024,1 341 260 Kč,24 446 km,135 kW,Benzín,7.1 l/100km,Automat
Opel,Combo,3/2019,275 760 Kč,134 750 km,77 kW,Diesel,4.2 l/100km,Manuál
Renault,Master,5/2021,631 760 Kč,99 995 km,132 kW,Diesel,8.5 l/100km,Automat
Ford,Explorer,1/2024,1 201 260 Kč,20 km,125 kW,Elektro,,Automat
BMW,525,9/2012,230 760 Kč,150 000 km,160 kW,Diesel,5.1 l/100km,Automat
Kia,Sorento,12/2020,655 260 Kč,73 188 km,147 kW,Diesel,6.2 l/100km,Automat
Audi,e-tron,2/2023,957 260 Kč,19 850 km,300 kW,Elektro,,Automat
Seat,Ibiza,12/2024,583 260 Kč,50 km,85 kW,Benzín,4.9 l/100km,Automat
Audi,S5,2/2022,1 085 260 Kč,28 849 km,251 kW,Diesel,6.4 l/100km,Automat
Ford,Transit Custom,11/2016,359 260 Kč,119 000 km,96 kW,Diesel,6 l/100km,Manuál
Mercedes-Benz,A 45 AMG,10/2024,1 588 760 Kč,1 km,309 kW,Benzín,7.2 l/100km,Automat
Volkswagen,T6 Transporter,10/2022,792 760 Kč,90 808 km,110 kW,Diesel,6.6 l/100km,Automat
Ford,Explorer,12/2024,1 070 760 Kč,0 km,210 kW,Elektro,,Automat
Mercedes-Benz,C 300,1/2024,1 050 760 Kč,2 034 km,230 kW,Hybrid,,Automat
Nissan,NV300,10/2020,392 760 Kč,92 264 km,125 kW,Diesel,5.6 l/100km,Manuál
Cupra,Tavascan,8/2024,1 280 760 Kč,10 160 km,250 kW,Elektro,16.8 kWh/100km,Automat
Mercedes-Benz,E 300,3/2024,1 172 260 Kč,7 729 km,225 kW,Hybrid,,Automat
Subaru,Solterra,10/2024,992 760 Kč,2 200 km,160 kW,Elektro,,Automat
Opel,Ampera-e,12/2019,364 260 Kč,86 419 km,150 kW,Elektro,,Automat
Genesis,GV60,2/2022,1 233 260 Kč,18 442 km,360 kW,Elektro,,Automat
Tesla,Model 3,8/2019,613 260 Kč,94 664 km,350 kW,Elektro,,Automat
Toyota,Proace,12/2022,577 260 Kč,13 199 km,100 kW,Elektro,25.1 kWh/100km,Automat
Mercedes-Benz,B 180,9/2013,296 260 Kč,124 500 km,90 kW,Benzín,5.7 l/100km,Automat
Opel,Movano,2/2022,438 760 Kč,153 000 km,121 kW,Diesel,7.8 l/100km,Manuál
Fiat,500X,2/2023,579 760 Kč,1 km,97 kW,Diesel,5.3 l/100km,Manuál
Fiat,Tipo,6/2024,488 760 Kč,20 km,97 kW,Hybrid,5.2 l/100km,Automat
Tesla,Model Y,7/2023,1 031 760 Kč,27 200 km,378 kW,Elektro,,Automat
Porsche,Cayenne,3/2019,1 005 760 Kč,93 000 km,324 kW,Benzín,11.8 l/100km,Automat
BMW,530,1/2022,787 260 Kč,75 880 km,185 kW,Benzín,6.2 l/100km,Automat
Cupra,Tavascan,2/2025,1 205 260 Kč,20 km,250 kW,Elektro,16.6 kWh/100km,Automat
Citroën,C4,8/2023,601 260 Kč,130 km,100 kW,Elektro,15.3 kWh/100km,Automat
Mercedes-Benz,Vito,6/2018,534 760 Kč,154 894 km,100 kW,Diesel,6.6 l/100km,Automat
Renault,Trafic,9/2019,379 260 Kč,155 600 km,88 kW,Diesel,6.6 l/100km,Manuál
Ford,Bronco,1/2023,1 604 760 Kč,1 km,246 kW,Benzín,13.4 l/100km,Automat
Toyota,Proace,12/2024,960 760 Kč,0 km,130 kW,Diesel,,Automat
Peugeot,308,8/2022,492 260 Kč,29 990 km,96 kW,Benzín,5.4 l/100km,Automat
DFSK,Seres 3,12/2022,549 260 Kč,200 km,120 kW,Elektro,18 kWh/100km,Automat
Ford,Transit Custom,9/2021,436 260 Kč,119 194 km,96 kW,Diesel,7.7 l/100km,Manuál
Audi,Q8,2/2024,1 425 760 Kč,10 700 km,250 kW,Elektro,,Automat
Genesis,GV60,11/2022,1 169 760 Kč,18 988 km,360 kW,Elektro,19.1 kWh/100km,Automat
Land Rover,Discovery Sport,11/2022,1 059 760 Kč,35 441 km,147 kW,Benzín,8 l/100km,Automat
Volkswagen,T6 Transporter,2/2022,729 260 Kč,129 887 km,110 kW,Diesel,6.6 l/100km,Automat
Citroën,Jumper,1/2024,614 260 Kč,10 km,103 kW,Diesel,10 l/100km,Manuál
BMW,330,3/2021,654 760 Kč,84 000 km,185 kW,Hybrid,,Automat
MG,ZS,9/2023,590 760 Kč,17 000 km,115 kW,Elektro,,Automat
Audi,Q8,4/2024,1 507 260 Kč,8 790 km,250 kW,Elektro,21.5 kWh/100km,Automat
BMW,i5,11/2024,1 445 760 Kč,0 km,250 kW,Elektro,19.3 kWh/100km,Automat
Renault,Kangoo,8/2024,494 260 Kč,10 km,70 kW,Diesel,,Manuál
Hyundai,Kona,5/2021,356 760 Kč,104 000 km,104 kW,Hybrid,3.9 l/100km,Automat
Ford,S-Max,6/2020,359 260 Kč,110 000 km,140 kW,Diesel,5.5 l/100km,Automat
BMW,120,3/2023,575 760 Kč,91 900 km,140 kW,Diesel,4.9 l/100km,Automat
Smart,#1,5/2023,733 760 Kč,20 000 km,200 kW,Elektro,17.4 kWh/100km,Automat
Ford,S-Max,6/2020,418 260 Kč,83 700 km,140 kW,Diesel,5.5 l/100km,Automat
Opel,Crossland,8/2021,388 260 Kč,86 000 km,81 kW,Diesel,3.6 l/100km,Manuál
Cupra,Tavascan,9/2024,1 283 260 Kč,10 000 km,250 kW,Elektro,16.5 kWh/100km,Automat
Alfa Romeo,Giulia,5/2019,406 760 Kč,156 845 km,154 kW,Diesel,5.4 l/100km,Automat
Volkswagen,Touran,4/2020,445 760 Kč,138 811 km,85 kW,Diesel,4.5 l/100km,Manuál
Genesis,G80,2/2022,1 011 260 Kč,26 384 km,272 kW,Elektro,,Automat
Cupra,Tavascan,8/2024,1 260 760 Kč,28 km,250 kW,Elektro,16.5 kWh/100km,Automat
Suzuki,SX4 S-Cross,12/2021,612 760 Kč,6 301 km,95 kW,Benzín,5.8 l/100km,Automat
Mazda,MX-30,4/2022,437 760 Kč,16 890 km,107 kW,Elektro,19 kWh/100km,Automat
BMW,320,9/2021,601 760 Kč,85 300 km,150 kW,Hybrid,,Automat
GWM,Wey 05,12/2024,1 393 760 Kč,0 km,350 kW,Hybrid,24.4 l/100km,Automat
Peugeot,508,5/2013,159 260 Kč,145 100 km,120 kW,Diesel,4.9 l/100km,Manuál
Genesis,GV60,4/2022,1 180 260 Kč,24 130 km,360 kW,Elektro,,Automat
MG,MG4,10/2024,950 760 Kč,0 km,321 kW,Elektro,,Automat
Seat,Mii,8/2021,420 260 Kč,9 070 km,61 kW,Elektro,,Automat
BMW,X7,9/2020,1 522 260 Kč,95 700 km,390 kW,Benzín,11 l/100km,Automat
Hyundai,Nexo,12/2020,590 260 Kč,28 954 km,120 kW,Vodík,,Automat
Dacia,Spring,12/2024,458 260 Kč,0 km,48 kW,Elektro,,Automat
Mercedes-Benz,Vito,10/2019,417 260 Kč,71 900 km,84 kW,Diesel,6.2 l/100km,Manuál
Toyota,Proace,12/2024,973 260 Kč,0 km,130 kW,Diesel,,Automat
Volkswagen,T5 Transporter,9/2013,253 260 Kč,151 000 km,62 kW,Diesel,7.5 l/100km,Manuál
Mercedes-Benz,Vito,5/2024,1 012 760 Kč,15 000 km,135 kW,Diesel,5.8 l/100km,Automat
Opel,Ampera-e,3/2020,383 260 Kč,69 081 km,150 kW,Elektro,,Automat
Renault,Trafic,4/2019,381 760 Kč,67 000 km,88 kW,Diesel,6.4 l/100km,Manuál
Cupra,Tavascan,11/2024,1 261 760 Kč,9 000 km,250 kW,Elektro,16.8 kWh/100km,Automat
DS Automobiles,DS3 Crossback,9/2023,510 260 Kč,9 200 km,100 kW,Elektro,,Automat
SsangYong,Tivoli,3/2025,649 760 Kč,25 km,120 kW,Benzín,7.2 l/100km,Manuál
Volkswagen,ID.4,3/2024,1 208 760 Kč,0 km,210 kW,Elektro,,Automat
Mercedes-Benz,C 300,7/2023,1 077 260 Kč,2 652 km,230 kW,Hybrid,,Automat
Mercedes-Benz,Citan,8/2023,774 260 Kč,695 km,90 kW,Elektro,19.9 kWh/100km,Automat
Toyota,Proace,4/2018,384 260 Kč,93 657 km,85 kW,Diesel,5.1 l/100km,Manuál
Cupra,Tavascan,9/2024,1 261 760 Kč,4 958 km,250 kW,Elektro,16.5 kWh/100km,Automat
Smart,#1,8/2023,701 260 Kč,11 835 km,200 kW,Elektro,17.4 kWh/100km,Automat
Fiat,Tipo,11/2024,514 760 Kč,4 km,97 kW,Hybrid,5.2 l/100km,Automat
BMW,218 Active Tourer,9/2021,538 760 Kč,9 000 km,100 kW,Benzín,5.6 l/100km,Automat
Audi,S7,3/2022,1 575 760 Kč,91 632 km,253 kW,Diesel,6.4 l/100km,Automat
Fiat,Tipo,1/2024,508 260 Kč,3 km,97 kW,Hybrid,5.2 l/100km,Automat
Seres,3,12/2024,615 760 Kč,5 km,120 kW,Elektro,18 kWh/100km,Automat
Audi,e-tron,1/2023,968 760 Kč,50 510 km,300 kW,Elektro,,Automat
Renault,Trafic,12/2024,1 037 260 Kč,28 km,110 kW,Diesel,6.9 l/100km,Automat
Opel,Ampera-e,1/2020,496 260 Kč,21 405 km,150 kW,Elektro,,Automat
Cupra,Tavascan,9/2024,1 268 760 Kč,815 km,250 kW,Elektro,16.8 kWh/100km,Automat
MG,ZS,6/2023,441 760 Kč,29 439 km,130 kW,Benzín,9.4 l/100km,Manuál
Ford,Bronco,8/2024,1 472 760 Kč,25 km,246 kW,Benzín,13.4 l/100km,Automat
Fiat,Doblo,3/2018,234 760 Kč,33 430 km,70 kW,Benzín,7.4 l/100km,Manuál
Cupra,Tavascan,12/2024,1 446 260 Kč,0 km,250 kW,Elektro,16.8 kWh/100km,Automat
Mercedes-Benz,C 300,10/2023,1 011 260 Kč,14 751 km,230 kW,Hybrid,,Automat
Alfa Romeo,Tonale,1/2023,634 260 Kč,32 595 km,96 kW,Diesel,5.6 l/100km,Automat
Cupra,Tavascan,10/2024,1 366 760 Kč,9 810 km,250 kW,Elektro,16.8 kWh/100km,Automat
Hyundai,Inster,12/2024,657 760 Kč,0 km,85 kW,Elektro,14.9 kWh/100km,Automat
Honda,e,5/2022,527 760 Kč,6 336 km,100 kW,Elektro,,Automat
Audi,A8,12/2020,1 574 760 Kč,1 km,330 kW,Hybrid,2.6 l/100km,Automat
Volkswagen,Touareg,2/2021,1 147 760 Kč,79 000 km,250 kW,Benzín,11 l/100km,Automat
Mercedes-Benz,C 220,6/2024,1 101 260 Kč,12 600 km,147 kW,Diesel,,Automat
BMW,iX1,12/2024,1 089 760 Kč,2 km,150 kW,Elektro,17.2 kWh/100km,Automat
Nissan,NV300,6/2021,299 760 Kč,110 515 km,88 kW,Diesel,5.6 l/100km,Manuál
Volvo,EX40,10/2024,1 268 760 Kč,15 km,185 kW,Elektro,16.6 kWh/100km,Automat
Hyundai,Inster,12/2024,599 760 Kč,0 km,71 kW,Elektro,14.3 kWh/100km,Automat
BMW,X1,7/2013,209 760 Kč,140 000 km,135 kW,Benzín,7.1 l/100km,Automat
Opel,Vivaro,4/2017,403 760 Kč,83 243 km,90 kW,Diesel,5.5 l/100km,Manuál
Toyota,Land Cruiser,10/2024,1 096 760 Kč,0 km,97 kW,Diesel,,Manuál
Volvo,XC40,12/2023,951 760 Kč,1 000 km,185 kW,Elektro,,Automat
Cupra,Tavascan,8/2024,1 262 260 Kč,14 200 km,250 kW,Elektro,16.8 kWh/100km,Automat
Volkswagen,ID.7,1/2025,1 415 260 Kč,0 km,210 kW,Elektro,,Automat
Jaguar,XF,2/2023,971 760 Kč,47 929 km,150 kW,Diesel,6 l/100km,Automat
Kia,EV3,1/2024,827 260 Kč,1 km,150 kW,Elektro,,Automat
Smart,#1,5/2023,699 760 Kč,11 500 km,200 kW,Elektro,17.4 kWh/100km,Automat
Cupra,Tavascan,8/2024,1 285 260 Kč,12 000 km,250 kW,Elektro,16.8 kWh/100km,Automat
Audi,Q8,3/2024,1 462 260 Kč,3 500 km,250 kW,Elektro,,Automat
Nissan,Leaf,11/2022,484 260 Kč,6 530 km,111 kW,Elektro,,Automat
Ford,Ranger,12/2024,788 760 Kč,0 km,125 kW,Diesel,6.9 l/100km,Manuál
Dacia,Spring,11/2024,466 260 Kč,0 km,33 kW,Elektro,,Automat
Toyota,bZ4X,11/2024,918 760 Kč,0 km,150 kW,Elektro,16.7 kWh/100km,Automat
MG,Marvel R,6/2024,839 760 Kč,100 km,132 kW,Elektro,19.4 kWh/100km,Automat
Volkswagen,ID.3,11/2022,451 760 Kč,35 328 km,107 kW,Elektro,,Automat
Volkswagen,Caddy,12/2018,367 260 Kč,159 414 km,75 kW,Diesel,5.5 l/100km,Manuál
Volkswagen,T5 Transporter,12/2013,291 260 Kč,140 500 km,75 kW,Diesel,7.5 l/100km,Manuál
Mitsubishi,Eclipse Cross,11/2022,707 760 Kč,10 km,138 kW,Hybrid,17.5 l/100km,Automat
Cupra,Formentor,1/2023,618 760 Kč,89 672 km,110 kW,Diesel,4.3 l/100km,Manuál
Hyundai,Bayon,6/2024,547 260 Kč,29 km,62 kW,Benzín,5.3 l/100km,Manuál
MG,MG4,2/2023,506 760 Kč,15 996 km,125 kW,Elektro,,Automat
Škoda,Citigo,5/2014,134 760 Kč,108 000 km,55 kW,Benzín,4.1 l/100km,Manuál
Mercedes-Benz,C 300,10/2023,1 037 260 Kč,24 500 km,230 kW,Hybrid,,Automat
Mercedes-Benz,Citan,7/2023,784 760 Kč,3 200 km,90 kW,Elektro,,Automat
Mercedes-Benz,Vito,10/2021,744 260 Kč,23 352 km,150 kW,Elektro,,Automat
Lynk & Co,01,10/2022,508 260 Kč,80 663 km,192 kW,Hybrid,,Automat
BMW,520,4/2022,961 260 Kč,49 741 km,122 kW,Ostatní,,Automat
Tesla,Model 3,12/2019,539 760 Kč,147 104 km,340 kW,Elektro,,Automat
Opel,Ampera-e,2/2020,402 260 Kč,56 060 km,150 kW,Elektro,,Automat
Ora,Funky Cat,8/2023,549 260 Kč,2 500 km,126 kW,Elektro,,Automat
Opel,Vivaro,2/2019,512 260 Kč,88 487 km,107 kW,Diesel,6.6 l/100km,Manuál
Nissan,Leaf,8/2020,361 760 Kč,60 829 km,110 kW,Elektro,17.1 kWh/100km,Automat
Audi,Q8,8/2023,1 413 260 Kč,8 390 km,253 kW,Elektro,,Automat
Audi,SQ2,12/2024,1 423 260 Kč,0 km,221 kW,Benzín,8.3 l/100km,Automat
Mercedes-Benz,C 300,9/2023,1 077 260 Kč,10 000 km,230 kW,Hybrid,,Automat
Audi,A4,2/2022,811 760 Kč,27 242 km,150 kW,Diesel,4.5 l/100km,Automat
Mercedes-Benz,Vito,2/2020,492 760 Kč,31 040 km,85 kW,Elektro,,Automat
Mercedes-Benz,Vito,7/2020,399 260 Kč,32 780 km,85 kW,Elektro,,Automat
Mercedes-Benz,GLC 200,1/2022,1 259 260 Kč,469 km,145 kW,Benzín,7.4 l/100km,Automat
Audi,Q4 e-tron,2/2023,651 260 Kč,38 745 km,125 kW,Elektro,,Automat
Honda,e,7/2021,461 260 Kč,23 090 km,113 kW,Elektro,,Automat
Renault,Megane,2/2020,251 260 Kč,127 000 km,85 kW,Diesel,4.7 l/100km,Automat
Toyota,Land Cruiser,6/2024,1 107 260 Kč,0 km,97 kW,Diesel,15 l/100km,Manuál
Cupra,Tavascan,11/2024,1 288 260 Kč,10 000 km,250 kW,Elektro,16.8 kWh/100km,Automat
Peugeot,208,6/2022,530 760 Kč,16 200 km,100 kW,Elektro,,Automat
Seat,Leon,8/2016,230 760 Kč,174 500 km,110 kW,Diesel,4.2 l/100km,Manuál
Hyundai,Inster,3/2025,669 260 Kč,500 km,71 kW,Elektro,14.3 kWh/100km,Automat
Dacia,Spring,10/2024,445 760 Kč,0 km,33 kW,Elektro,14.1 kWh/100km,Automat
Jaguar,F-Pace,2/2024,1 538 260 Kč,6 957 km,297 kW,Hybrid,2.4 l/100km,Automat
Jaguar,I-Pace,3/2023,1 094 760 Kč,4 460 km,294 kW,Elektro,,Automat
Opel,Zafira,3/2013,147 260 Kč,150 000 km,103 kW,Benzín,6.5 l/100km,Manuál
Maserati,Quattroporte,5/2013,696 760 Kč,163 189 km,390 kW,Benzín,11.8 l/100km,Automat
BMW,X1,7/2021,601 760 Kč,126 490 km,170 kW,Benzín,7 l/100km,Automat
Nissan,Ariya,8/2024,1 050 760 Kč,9 800 km,160 kW,Elektro,18.1 kWh/100km,Automat
Dacia,Spring,12/2024,469 760 Kč,0 km,48 kW,Elektro,,Automat
Volkswagen,Tiguan,1/2023,780 260 Kč,18 244 km,90 kW,Diesel,4.6 l/100km,Manuál
Mazda,MX-30,10/2022,483 760 Kč,11 650 km,107 kW,Elektro,,Automat
Cupra,Tavascan,9/2024,1 254 260 Kč,2 125 km,250 kW,Elektro,16.8 kWh/100km,Automat
Mercedes-Benz,C 300,10/2023,1 024 260 Kč,8 621 km,230 kW,Hybrid,,Automat
Fiat,600,11/2023,655 260 Kč,60 km,115 kW,Elektro,,Automat
Cupra,Formentor,1/2023,618 760 Kč,89 672 km,110 kW,Diesel,4.3 l/100km,Manuál
Mazda,CX-80,12/2024,1 552 260 Kč,0 km,187 kW,Diesel,5.8 l/100km,Automat
Ford,Transit Custom,9/2018,329 260 Kč,157 000 km,96 kW,Diesel,6.5 l/100km,Manuál
Nissan,Townstar,11/2024,745 260 Kč,1 km,90 kW,Elektro,19.2 kWh/100km,Automat
Audi,Q4 e-tron,3/2023,718 260 Kč,25 550 km,125 kW,Elektro,,Automat
Ford,Ranger,12/2024,1 748 260 Kč,0 km,177 kW,Diesel,10 l/100km,Automat
Mercedes-Benz,GLC 300,4/2022,817 760 Kč,138 850 km,225 kW,Hybrid,,Automat
Jeep,Renegade,3/2022,773 760 Kč,3 114 km,96 kW,Benzín,5.5 l/100km,Automat
Fiat,Tipo,1/2024,483 760 Kč,4 km,97 kW,Hybrid,5.2 l/100km,Automat
Cupra,Tavascan,2/2025,1 313 760 Kč,20 km,250 kW,Elektro,16.5 kWh/100km,Automat
MG,ZS,5/2023,441 760 Kč,26 408 km,130 kW,Benzín,9.4 l/100km,Manuál
MG,ZS,4/2023,453 260 Kč,18 834 km,130 kW,Benzín,9.4 l/100km,Manuál
Peugeot,2008,10/2024,435 260 Kč,17 km,96 kW,Benzín,6 l/100km,Automat
Ford,Ranger,11/2024,2 453 260 Kč,20 km,215 kW,Benzín,13.2 l/100km,Automat
Ford,Mustang Mach-E,9/2024,2 233 260 Kč,1 km,358 kW,Elektro,,Automat
Mercedes-Benz,EQE,5/2024,1 314 760 Kč,13 594 km,215 kW,Elektro,,Automat
Audi,Q4 e-tron,9/2023,1 113 260 Kč,0 km,152 kW,Elektro,,Automat
MG,MG4,5/2024,586 260 Kč,50 km,125 kW,Elektro,17 kWh/100km,Automat
Seat,Arona,9/2023,485 260 Kč,1 km,81 kW,Benzín,4.8 l/100km,Manuál
Fiat,500X,12/2020,273 260 Kč,74 500 km,88 kW,Benzín,6.4 l/100km,Manuál
Dacia,Spring,11/2021,272 260 Kč,43 400 km,33 kW,Elektro,,Automat
Cupra,Tavascan,9/2024,1 278 760 Kč,4 358 km,250 kW,Elektro,16.8 kWh/100km,Automat
MG,ZS,11/2022,396 760 Kč,28 700 km,130 kW,Benzín,9.4 l/100km,Manuál
Cupra,Tavascan,9/2024,1 261 760 Kč,11 000 km,250 kW,Elektro,16.8 kWh/100km,Automat
Volkswagen,T6 Kombi,4/2019,708 260 Kč,130 790 km,146 kW,Diesel,7.9 l/100km,Automat
Renault,Trafic,6/2021,375 260 Kč,128 000 km,90 kW,Diesel,6 l/100km,Manuál
Jeep,Wrangler,1/2020,875 260 Kč,93 500 km,200 kW,Benzín,10.2 l/100km,Automat
Genesis,GV60,11/2022,1 169 760 Kč,18 988 km,360 kW,Elektro,19.1 kWh/100km,Automat
BYD,Seal,12/2024,1 040 760 Kč,0 km,238 kW,Elektro,7.4 kWh/100km,Automat
Audi,A3,1/2025,797 260 Kč,0 km,110 kW,Benzín,5.5 l/100km,Manuál
Maxus,Deliver 3,6/2024,791 260 Kč,10 km,90 kW,Elektro,,Automat
Cupra,Tavascan,8/2024,1 304 260 Kč,10 006 km,250 kW,Elektro,16.8 kWh/100km,Automat
BYD,Dolphin,10/2024,747 260 Kč,5 000 km,150 kW,Elektro,15.9 kWh/100km,Automat
Citroën,C4,9/2023,707 760 Kč,12 km,100 kW,Elektro,15.1 kWh/100km,Automat
Ford,Fiesta,3/2022,395 260 Kč,1 571 km,55 kW,Benzín,5.1 l/100km,Manuál
Nissan,Leaf,5/2020,359 260 Kč,58 500 km,110 kW,Elektro,17.1 kWh/100km,Automat
Volkswagen,ID.7,12/2023,1 225 260 Kč,9 758 km,210 kW,Elektro,15.1 kWh/100km,Automat
Smart,#1,10/2023,727 760 Kč,9 225 km,200 kW,Elektro,17.4 kWh/100km,Automat
Škoda,Yeti,10/2014,184 260 Kč,128 000 km,77 kW,Benzín,5.9 l/100km,Manuál
Audi,e-tron,1/2023,950 760 Kč,20 306 km,300 kW,Elektro,,Automat
Alfa Romeo,Giulia,3/2023,879 260 Kč,15 170 km,206 kW,Benzín,7.2 l/100km,Automat
Audi,A3,1/2025,785 260 Kč,0 km,110 kW,Benzín,5.7 l/100km,Automat
Jeep,Renegade,3/2022,773 760 Kč,3 114 km,96 kW,Benzín,5.5 l/100km,Automat
BMW,330,2/2021,679 260 Kč,91 500 km,185 kW,Hybrid,,Automat
Hyundai,IONIQ 5,2/2024,1 551 760 Kč,7 787 km,448 kW,Elektro,,Automat
Ford,Capri,1/2024,1 286 260 Kč,1 km,210 kW,Elektro,,Automat
Cupra,Tavascan,8/2024,1 278 760 Kč,6 707 km,250 kW,Elektro,16.8 kWh/100km,Automat
Mercedes-Benz,B 180,12/2019,321 760 Kč,147 000 km,85 kW,Diesel,4.8 l/100km,Automat
Polestar,2,6/2023,1 322 260 Kč,14 370 km,355 kW,Elektro,,Automat
Cupra,Born,7/2023,865 260 Kč,4 000 km,170 kW,Elektro,,Automat
Jeep,Renegade,4/2024,786 760 Kč,3 383 km,96 kW,Benzín,5.3 l/100km,Automat
Alfa Romeo,Tonale,12/2022,644 260 Kč,21 573 km,96 kW,Diesel,5.6 l/100km,Automat
Mercedes-Benz,C 200,8/2019,536 260 Kč,87 207 km,135 kW,Benzín,6.2 l/100km,Automat
Nissan,Juke,2/2024,512 760 Kč,350 km,86 kW,Benzín,5.8 l/100km,Manuál
MG,MG3,12/2024,421 260 Kč,0 km,143 kW,Hybrid,,Manuál
Audi,A8,1/2020,1 338 260 Kč,62 800 km,330 kW,Hybrid,,Automat
Cupra,Tavascan,8/2024,1 263 260 Kč,2 145 km,250 kW,Elektro,16.8 kWh/100km,Automat
Renault,Trafic,7/2021,639 260 Kč,111 543 km,125 kW,Diesel,6.9 l/100km,Automat
Mercedes-Benz,E 220,7/2024,1 327 760 Kč,7 957 km,147 kW,Diesel,,Automat
Cupra,Tavascan,9/2024,1 288 260 Kč,6 098 km,250 kW,Elektro,16.8 kWh/100km,Automat
Audi,S8,10/2016,1 057 760 Kč,135 260 km,445 kW,Benzín,9.7 l/100km,Automat
Hyundai,IONIQ 6,2/2024,802 760 Kč,43 km,111 kW,Elektro,13.9 kWh/100km,Automat
DS Automobiles,DS3,3/2023,641 760 Kč,8 025 km,115 kW,Elektro,15.5 kWh/100km,Automat
Nissan,Leaf,12/2020,432 260 Kč,16 400 km,110 kW,Elektro,17.1 kWh/100km,Automat
Mazda,MX-30,11/2024,681 760 Kč,15 km,107 kW,Elektro,17.9 kWh/100km,Automat
Nissan,Leaf,12/2020,458 260 Kč,13 760 km,110 kW,Elektro,,Automat
Mazda,MX-30,8/2023,628 760 Kč,1 771 km,107 kW,Elektro,17.9 kWh/100km,Automat
Cupra,Tavascan,12/2024,1 496 760 Kč,0 km,250 kW,Elektro,16.5 kWh/100km,Automat
Ford,Capri,12/2024,1 337 260 Kč,0 km,250 kW,Elektro,,Automat
Nissan,Ariya,10/2022,731 760 Kč,9 900 km,160 kW,Elektro,,Automat
Fiat,600,11/2023,653 760 Kč,8 650 km,115 kW,Elektro,15.1 kWh/100km,Automat
BMW,216 Active Tourer,11/2020,486 760 Kč,71 402 km,85 kW,Diesel,4.8 l/100km,Manuál
Mercedes-Benz,GLC 43 AMG,11/2022,1 708 260 Kč,15 021 km,287 kW,Benzín,10.1 l/100km,Automat
Cupra,Tavascan,2/2025,1 267 260 Kč,20 km,250 kW,Elektro,16.6 kWh/100km,Automat
Alfa Romeo,Giulia,1/2024,891 260 Kč,13 850 km,206 kW,Benzín,7.2 l/100km,Automat
Porsche,Taycan,8/2020,1 459 260 Kč,88 920 km,420 kW,Elektro,,Automat
BMW,iX2,3/2024,1 222 760 Kč,9 000 km,230 kW,Elektro,,Automat
Volkswagen,T5 Caravelle,3/2024,981 760 Kč,20 504 km,132 kW,Diesel,6.7 l/100km,Automat
Cupra,Tavascan,9/2024,1 309 260 Kč,6 200 km,250 kW,Elektro,16.8 kWh/100km,Automat
Renault,R 5,1/2025,834 760 Kč,0 km,88 kW,Elektro,,Automat
MG,MG4,12/2024,755 760 Kč,10 km,320 kW,Elektro,18.7 kWh/100km,Automat
Mazda,MX-30,7/2023,583 760 Kč,10 km,107 kW,Elektro,17.9 kWh/100km,Automat
Nissan,Leaf,2/2023,718 760 Kč,1 090 km,160 kW,Elektro,,Automat
Mazda,MX-30,4/2024,665 760 Kč,12 km,125 kW,Hybrid,,Automat
Cupra,Tavascan,9/2024,1 283 760 Kč,3 000 km,250 kW,Elektro,16.8 kWh/100km,Automat
Land Rover,Range Rover,1/2019,1 247 260 Kč,140 000 km,386 kW,Benzín,12.7 l/100km,Automat
Škoda,Yeti,4/2016,486 760 Kč,17 370 km,110 kW,Benzín,6.3 l/100km,Automat
Cupra,Tavascan,9/2024,1 256 760 Kč,9 800 km,250 kW,Elektro,16.5 kWh/100km,Automat
Smart,#1,6/2023,694 760 Kč,15 500 km,200 kW,Elektro,17.4 kWh/100km,Automat
MG,MG4,10/2023,497 760 Kč,22 810 km,125 kW,Elektro,,Automat
Peugeot,3008,12/2021,611 260 Kč,35 996 km,165 kW,Hybrid,,Automat
Cupra,Terramar,12/2024,1 221 760 Kč,50 km,195 kW,Benzín,8.6 l/100km,Automat
Volkswagen,Crafter,10/2021,581 260 Kč,24 000 km,100 kW,Elektro,,Automat
Mazda,MX-30,8/2021,453 260 Kč,10 990 km,107 kW,Elektro,19 kWh/100km,Automat
Seat,Mii,6/2012,109 760 Kč,159 000 km,44 kW,Benzín,4.5 l/100km,Manuál
Land Rover,Discovery,7/2022,1 552 260 Kč,58 874 km,221 kW,Diesel,8.5 l/100km,Automat
Toyota,Aygo X,12/2024,408 260 Kč,5 000 km,53 kW,Benzín,4.5 l/100km,Manuál
DS Automobiles,DS3,5/2023,825 260 Kč,0 km,110 kW,Elektro,,Automat
Cupra,Tavascan,8/2024,1 261 760 Kč,17 000 km,250 kW,Elektro,16.8 kWh/100km,Automat
Mazda,MX-30,3/2023,491 260 Kč,15 500 km,107 kW,Elektro,17.9 kWh/100km,Automat
Peugeot,3008,6/2016,204 760 Kč,168 800 km,88 kW,Diesel,4.2 l/100km,Automat
Cupra,Tavascan,8/2024,1 347 260 Kč,10 000 km,250 kW,Elektro,16.8 kWh/100km,Automat
Volkswagen,ID.5,11/2024,1 335 760 Kč,0 km,210 kW,Elektro,15.7 kWh/100km,Automat
Toyota,Hilux,12/2024,1 309 260 Kč,0 km,150 kW,Diesel,8.8 l/100km,Automat
Jeep,Renegade,3/2024,728 760 Kč,26 602 km,96 kW,Benzín,5.3 l/100km,Automat
Hyundai,IONIQ,1/2020,491 760 Kč,12 123 km,88 kW,Elektro,,Automat
BMW,i4,12/2024,1 301 260 Kč,0 km,250 kW,Elektro,15.8 kWh/100km,Automat
BYD,Seal,5/2024,1 109 260 Kč,8 240 km,230 kW,Elektro,,Automat
Mercedes-Benz,C 300,10/2023,1 103 260 Kč,6 950 km,230 kW,Hybrid,,Automat
DS Automobiles,DS4,5/2023,748 260 Kč,22 197 km,165 kW,Hybrid,1.3 l/100km,Automat
Mercedes-Benz,GLE 350,1/2022,1 288 260 Kč,96 810 km,245 kW,Hybrid,,Automat
Audi,Q4 e-tron,12/2024,1 183 260 Kč,15 km,150 kW,Elektro,,Automat
Alpina,B3,8/2021,1 551 760 Kč,76 893 km,340 kW,Benzín,10.3 l/100km,Automat
Volkswagen,ID.7,12/2024,1 536 760 Kč,0 km,210 kW,Elektro,16.3 kWh/100km,Automat
Škoda,Enyaq,12/2024,1 024 260 Kč,0 km,150 kW,Elektro,15.8 kWh/100km,Automat
Volkswagen,Taigo,10/2023,522 260 Kč,10 000 km,70 kW,Benzín,4.7 l/100km,Manuál
Dacia,Spring,12/2024,469 760 Kč,0 km,48 kW,Elektro,,Automat
Hyundai,Kona,4/2021,429 760 Kč,75 000 km,104 kW,Hybrid,3.9 l/100km,Automat
Ford,F-150,12/2024,2 626 260 Kč,1 km,299 kW,Benzín,13.1 l/100km,Automat
Cupra,Tavascan,11/2024,1 340 760 Kč,6 346 km,250 kW,Elektro,18.1 kWh/100km,Automat
Audi,Q4 e-tron,8/2023,838 760 Kč,521 km,125 kW,Elektro,,Automat
Ora,Funky Cat,3/2023,496 760 Kč,6 500 km,126 kW,Elektro,,Automat
Mazda,MX-30,1/2022,463 760 Kč,12 600 km,107 kW,Elektro,,Automat
Renault,Kangoo,10/2020,236 260 Kč,38 658 km,70 kW,Diesel,5.5 l/100km,Manuál
Suzuki,Swift,9/2021,358 260 Kč,15 700 km,61 kW,Benzín,4.7 l/100km,Manuál
BMW,X2,12/2024,1 164 260 Kč,0 km,162 kW,Hybrid,15.3 l/100km,Automat
Cupra,Tavascan,2/2025,1 338 260 Kč,8 000 km,250 kW,Elektro,16.8 kWh/100km,Automat
Nissan,Ariya,3/2024,1 407 760 Kč,1 km,290 kW,Elektro,20.4 kWh/100km,Automat
GWM,Wey 03,11/2024,1 077 260 Kč,0 km,270 kW,Hybrid,25.2 l/100km,Automat
Mercedes-Benz,B 250,11/2022,584 260 Kč,19 673 km,160 kW,Hybrid,,Automat
Mazda,MX-30,5/2022,496 760 Kč,1 500 km,107 kW,Elektro,,Automat
GWM,03,8/2023,546 760 Kč,11 900 km,126 kW,Elektro,,Automat
Fiat,Doblo,6/2015,185 260 Kč,130 340 km,66 kW,Diesel,5.5 l/100km,Manuál
Volvo,EX30,12/2024,1 128 760 Kč,0 km,200 kW,Elektro,17 kWh/100km,Automat
Alfa Romeo,Tonale,2/2023,1 021 760 Kč,1 500 km,206 kW,Benzín,,Automat
Mercedes-Benz,S 560,1/2020,1 451 260 Kč,114 942 km,345 kW,Benzín,9.9 l/100km,Automat
Alfa Romeo,Tonale,4/2023,707 760 Kč,39 035 km,96 kW,Benzín,5.7 l/100km,Automat
MG,ZS,11/2022,421 760 Kč,30 000 km,130 kW,Benzín,9.4 l/100km,Manuál
Audi,A8,12/2020,1 486 260 Kč,41 979 km,330 kW,Hybrid,,Automat
Ford,Explorer,1/2024,1 392 260 Kč,0 km,253 kW,Elektro,,Automat
Nissan,Leaf,8/2023,496 760 Kč,4 500 km,110 kW,Elektro,16.7 kWh/100km,Automat
MG,MG3,12/2024,448 260 Kč,0 km,143 kW,Hybrid,,Manuál
Ford,Bronco,12/2024,1 564 760 Kč,0 km,226 kW,Benzín,13.6 l/100km,Automat
Audi,e-tron GT,1/2023,1 470 760 Kč,76 900 km,350 kW,Elektro,,Automat
GWM,03,3/2023,549 260 Kč,9 800 km,126 kW,Elektro,,Automat
Dacia,Spring,7/2023,326 760 Kč,7 835 km,33 kW,Elektro,13.9 kWh/100km,Automat
BMW,218 Active Tourer,1/2024,750 260 Kč,12 200 km,100 kW,Benzín,5.9 l/100km,Automat
Audi,S4,1/2023,1 261 760 Kč,13 000 km,251 kW,Diesel,6.4 l/100km,Automat
Mercedes-Benz,C 300,1/2024,1 232 760 Kč,8 248 km,230 kW,Hybrid,,Automat
Opel,Ampera-e,12/2019,375 260 Kč,105 512 km,150 kW,Elektro,,Automat
Cupra,Born,8/2022,666 760 Kč,28 291 km,150 kW,Elektro,15.3 kWh/100km,Automat
Renault,Arkana,9/2021,445 760 Kč,37 490 km,103 kW,Hybrid,,Automat
Mazda,CX-80,12/2024,1 524 260 Kč,5 km,187 kW,Diesel,5.8 l/100km,Automat
GWM,Wey 05,11/2024,1 372 760 Kč,0 km,350 kW,Hybrid,24.4 l/100km,Automat
BMW,128,1/2024,1 007 760 Kč,10 258 km,195 kW,Benzín,6.6 l/100km,Automat
Hyundai,IONIQ 5,7/2023,953 260 Kč,16 080 km,239 kW,Elektro,,Automat
Smart,#1,7/2024,860 760 Kč,5 648 km,271 kW,Elektro,,Automat
Ford,Capri,12/2024,1 010 760 Kč,25 km,250 kW,Elektro,,Automat
Cupra,Born,3/2023,850 260 Kč,9 803 km,170 kW,Elektro,,Automat
Renault,R 5,3/2025,794 760 Kč,5 km,90 kW,Elektro,14.8 kWh/100km,Automat
Volkswagen,Crafter,12/2020,622 260 Kč,94 052 km,100 kW,Elektro,,Automat
Maxus,Deliver 3,6/2024,566 760 Kč,100 km,90 kW,Elektro,,Automat
Fiat,Tipo,2/2024,436 260 Kč,5 km,96 kW,Benzín,5.6 l/100km,Automat
Alfa Romeo,Giulia,5/2023,892 760 Kč,12 960 km,206 kW,Benzín,7.2 l/100km,Automat
GWM,Wey 05,11/2024,1 243 760 Kč,115 km,350 kW,Hybrid,24.4 l/100km,Automat
Mitsubishi,Eclipse Cross,12/2022,707 760 Kč,10 km,138 kW,Hybrid,17.5 l/100km,Automat
MG,ZS,11/2022,422 260 Kč,24 838 km,130 kW,Benzín,9.4 l/100km,Manuál
Mazda,MX-30,12/2020,411 260 Kč,7 137 km,107 kW,Elektro,,Automat
Cupra,Ateca,5/2022,740 260 Kč,45 881 km,221 kW,Benzín,9 l/100km,Automat
Mitsubishi,ASX,6/2024,615 260 Kč,10 km,67 kW,Benzín,5.6 l/100km,Manuál
Ora,Funky Cat,8/2023,523 260 Kč,4 729 km,126 kW,Elektro,,Automat
Mercedes-Benz,CLA 45 AMG,5/2024,1 525 260 Kč,7 695 km,310 kW,Benzín,8.5 l/100km,Automat
Cupra,Tavascan,9/2024,1 391 260 Kč,5 000 km,250 kW,Elektro,15.2 kWh/100km,Automat
Mercedes-Benz,EQE,4/2023,1 417 760 Kč,15 559 km,300 kW,Elektro,18.8 kWh/100km,Automat
Hyundai,Kona,3/2024,740 260 Kč,1 km,160 kW,Elektro,,Automat
Nissan,Ariya,8/2023,1 074 760 Kč,11 500 km,178 kW,Elektro,,Automat
BMW,320,7/2021,678 760 Kč,75 990 km,150 kW,Hybrid,,Automat
BMW,430 Gran Coupé,4/2023,1 278 260 Kč,15 700 km,180 kW,Benzín,6.5 l/100km,Automat
Smart,#1,7/2023,727 760 Kč,9 900 km,200 kW,Elektro,17.4 kWh/100km,Automat
Volvo,EX30,1/2024,1 315 760 Kč,10 km,343 kW,Elektro,,Automat
Mercedes-Benz,EQB,12/2024,1 190 760 Kč,0 km,140 kW,Elektro,,Automat
Kia,EV3,10/2024,955 760 Kč,10 000 km,150 kW,Elektro,,Automat
Land Rover,Discovery Sport,2/2021,799 260 Kč,96 744 km,227 kW,Hybrid,2 l/100km,Automat
MG,ZS,6/2023,446 760 Kč,27 289 km,130 kW,Benzín,9.4 l/100km,Manuál
Ford,Bronco,6/2024,2 327 260 Kč,5 105 km,246 kW,Benzín,13.4 l/100km,Automat
Mercedes-Benz,GLC 200,3/2022,943 260 Kč,25 290 km,145 kW,Hybrid,,Automat
Mercedes-Benz,E 53 AMG,5/2022,1 499 260 Kč,65 500 km,320 kW,Benzín,,Automat
Cupra,Terramar,12/2024,1 349 260 Kč,0 km,195 kW,Benzín,8.6 l/100km,Automat
Volvo,V90,1/2025,1 299 260 Kč,0 km,261 kW,Hybrid,,Automat
BYD,Tang,7/2023,1 024 260 Kč,19 000 km,380 kW,Elektro,23.8 kWh/100km,Automat
Toyota,Proace,6/2024,644 760 Kč,3 590 km,88 kW,Diesel,6.5 l/100km,Manuál
Škoda,Scala,1/2020,488 260 Kč,58 500 km,85 kW,Diesel,4.1 l/100km,Automat
Volvo,V90,1/2025,1 343 760 Kč,0 km,261 kW,Hybrid,,Automat
Cupra,Tavascan,8/2024,1 312 260 Kč,9 999 km,250 kW,Elektro,16.8 kWh/100km,Automat
Audi,Q3,1/2023,955 760 Kč,5 546 km,110 kW,Diesel,4.7 l/100km,Automat
Alfa Romeo,Tonale,1/2024,949 760 Kč,5 km,96 kW,Diesel,5.6 l/100km,Automat
Renault,R 5,1/2025,834 760 Kč,0 km,110 kW,Elektro,,Automat
Smart,ForFour,3/2022,268 260 Kč,16 583 km,60 kW,Elektro,,Automat
Audi,S7,1/2022,1 549 260 Kč,47 769 km,253 kW,Diesel,6.4 l/100km,Automat
Mercedes-Benz,B 250,12/2022,599 760 Kč,16 734 km,160 kW,Hybrid,,Automat
MG,EHS,7/2021,470 760 Kč,49 713 km,190 kW,Hybrid,,Automat
Audi,A4 Allroad,2/2023,920 760 Kč,24 597 km,150 kW,Diesel,4.8 l/100km,Automat
Smart,#1,5/2023,733 760 Kč,15 000 km,200 kW,Elektro,17.4 kWh/100km,Automat
Audi,A3,1/2025,718 760 Kč,0 km,110 kW,Benzín,5.5 l/100km,Manuál
Mazda,MX-30,9/2022,483 760 Kč,14 690 km,107 kW,Elektro,,Automat
Opel,Ampera-e,3/2020,396 760 Kč,85 103 km,150 kW,Elektro,,Automat
BMW,340,5/2024,1 457 760 Kč,23 295 km,250 kW,Diesel,6.1 l/100km,Automat
Hyundai,Kona,4/2021,429 760 Kč,95 000 km,104 kW,Hybrid,3.9 l/100km,Automat
Jeep,Avenger,8/2024,688 760 Kč,0 km,74 kW,Benzín,5.4 l/100km,Manuál
BMW,iX1,7/2024,1 048 760 Kč,4 040 km,150 kW,Elektro,,Automat
Mazda,MX-30,11/2023,733 260 Kč,9 067 km,125 kW,Hybrid,,Automat
Jaguar,XE,1/2021,617 760 Kč,127 000 km,150 kW,Hybrid,4.3 l/100km,Automat
Cupra,Tavascan,8/2024,1 260 760 Kč,2 826 km,250 kW,Elektro,16.5 kWh/100km,Automat
Mercedes-Benz,GLC 300,2/2022,918 760 Kč,87 530 km,235 kW,Hybrid,,Automat
Jaguar,E-Pace,8/2020,599 760 Kč,67 600 km,147 kW,Benzín,8.3 l/100km,Automat
Citroën,Berlingo,2/2021,317 760 Kč,46 059 km,81 kW,Benzín,5.6 l/100km,Manuál
Mercedes-Benz,GLC 200,2/2025,1 434 260 Kč,8 000 km,120 kW,Hybrid,,Automat
Land Rover,Range Rover Velar,9/2022,1 221 260 Kč,22 500 km,184 kW,Benzín,8.3 l/100km,Automat
Mazda,CX-30,11/2024,653 760 Kč,0 km,103 kW,Hybrid,5.9 l/100km,Manuál
Mercedes-Benz,C 300,2/2021,549 260 Kč,152 040 km,225 kW,Benzín,6.6 l/100km,Automat
Seat,Leon,12/2022,547 760 Kč,40 958 km,150 kW,Hybrid,,Automat
Genesis,GV60,9/2022,1 525 760 Kč,13 088 km,360 kW,Elektro,,Automat
Cupra,Born,1/2024,797 760 Kč,12 782 km,150 kW,Elektro,,Automat
Toyota,Proace,6/2021,316 260 Kč,170 000 km,75 kW,Diesel,6.5 l/100km,Manuál
Cupra,Tavascan,2/2025,1 338 760 Kč,3 500 km,250 kW,Elektro,16.8 kWh/100km,Automat
BMW,X1,2/2024,879 760 Kč,9 999 km,120 kW,Diesel,4.8 l/100km,Automat
Jeep,Renegade,3/2024,808 260 Kč,50 km,96 kW,Benzín,6.1 l/100km,Automat
Hyundai,Inster,2/2025,669 260 Kč,1 500 km,71 kW,Elektro,14.3 kWh/100km,Automat
Volkswagen,Caddy,1/2020,585 760 Kč,123 489 km,136 kW,Diesel,4.6 l/100km,Automat
Ford,Explorer,1/2024,1 318 260 Kč,20 km,210 kW,Elektro,,Automat
Audi,A6,6/2021,806 760 Kč,28 990 km,220 kW,Hybrid,1.5 l/100km,Automat
Lancia,Ypsilon,10/2022,287 260 Kč,29 990 km,51 kW,Hybrid,4 l/100km,Manuál
Volkswagen,T5 Transporter,7/2013,287 260 Kč,102 000 km,62 kW,Diesel,7.5 l/100km,Manuál
Smart,ForFour,3/2022,268 260 Kč,23 980 km,60 kW,Elektro,,Automat
Cupra,Born,5/2023,837 260 Kč,3 164 km,170 kW,Elektro,,Automat
Fiat,Scudo,8/2024,709 260 Kč,1 km,107 kW,Diesel,7.7 l/100km,Manuál
MG,MG3,3/2025,433 760 Kč,10 km,143 kW,Hybrid,,Manuál
Volkswagen,Crafter,1/2019,417 260 Kč,95 399 km,103 kW,Diesel,7.8 l/100km,Manuál
Tesla,Model Y,2/2023,873 760 Kč,31 000 km,255 kW,Elektro,,Automat
Hyundai,IONIQ 5,3/2024,1 523 260 Kč,9 800 km,448 kW,Elektro,21.2 kWh/100km,Automat
Cupra,Tavascan,8/2024,1 285 760 Kč,2 800 km,250 kW,Elektro,,Automat
MG,MG4,1/2023,950 760 Kč,0 km,324 kW,Elektro,,Automat
Smart,#1,5/2024,936 760 Kč,1 400 km,315 kW,Elektro,,Automat
Cupra,Tavascan,11/2024,1 424 760 Kč,7 500 km,250 kW,Elektro,16.5 kWh/100km,Automat
BMW,i4,5/2024,1 391 260 Kč,24 800 km,400 kW,Elektro,,Automat
RAM,1500,1/2021,1 191 760 Kč,4 400 km,287 kW,Benzín,,Automat
Land Rover,Defender,1/2013,1 032 260 Kč,143 000 km,90 kW,Diesel,11.1 l/100km,Manuál
Citroën,C5 X,2/2023,1 145 260 Kč,500 km,166 kW,Hybrid,,Automat
Audi,S5,1/2022,1 235 260 Kč,27 369 km,251 kW,Diesel,6.4 l/100km,Automat
Volvo,EX30,1/2024,1 243 760 Kč,10 km,343 kW,Elektro,,Automat
BMW,218 Gran Coupé,12/2024,780 760 Kč,0 km,100 kW,Benzín,5.4 l/100km,Manuál
BMW,218 Active Tourer,12/2024,779 260 Kč,0 km,100 kW,Benzín,6.8 l/100km,Automat
Mitsubishi,Eclipse Cross,12/2022,707 760 Kč,10 km,138 kW,Hybrid,17.5 l/100km,Automat
MG,ZS,9/2021,394 260 Kč,20 000 km,105 kW,Elektro,,Automat
Hyundai,i20,2/2012,134 760 Kč,82 000 km,63 kW,Benzín,4.8 l/100km,Manuál
Nissan,Qashqai,5/2023,681 260 Kč,100 km,103 kW,Hybrid,6.4 l/100km,Automat
Seat,Arona,12/2023,458 760 Kč,4 300 km,70 kW,Benzín,5 l/100km,Manuál
Smart,ForFour,2/2022,300 260 Kč,26 719 km,60 kW,Elektro,,Automat
Fiat,Doblo,7/2016,189 760 Kč,115 859 km,66 kW,Diesel,5 l/100km,Manuál
Mercedes-Benz,C 63 AMG,6/2020,1 314 260 Kč,52 399 km,350 kW,Benzín,,Automat
Fiat,Scudo,10/2022,910 760 Kč,1 km,100 kW,Elektro,25.5 kWh/100km,Automat
Volvo,V90,7/2024,1 413 260 Kč,0 km,341 kW,Hybrid,,Automat
Cupra,Tavascan,9/2024,1 303 760 Kč,2 800 km,250 kW,Elektro,16.8 kWh/100km,Automat
Volkswagen,T5 Transporter,10/2013,212 760 Kč,104 000 km,62 kW,Diesel,7.5 l/100km,Manuál
Mazda,CX-80,12/2024,1 420 760 Kč,1 km,241 kW,Hybrid,23 l/100km,Automat
Genesis,GV70,2/2022,1 068 260 Kč,43 293 km,154 kW,Diesel,7 l/100km,Automat
Audi,Q4 e-tron,10/2022,706 260 Kč,14 228 km,125 kW,Elektro,,Automat
Hyundai,Inster,11/2024,665 760 Kč,0 km,85 kW,Elektro,15.1 kWh/100km,Automat
Cupra,Tavascan,8/2024,1 335 760 Kč,7 900 km,250 kW,Elektro,16.8 kWh/100km,Automat
GWM,Wey 03,12/2024,1 259 260 Kč,0 km,270 kW,Hybrid,0.5 l/100km,Automat
Mercedes-Benz,GLC 43 AMG,3/2021,1 051 760 Kč,64 000 km,287 kW,Benzín,10.1 l/100km,Automat
Mercedes-Benz,GLA 250,12/2023,817 260 Kč,12 000 km,160 kW,Hybrid,,Automat
Seres,3,12/2024,615 760 Kč,5 km,120 kW,Elektro,,Automat
MG,MG4,12/2022,464 760 Kč,18 000 km,125 kW,Elektro,,Automat
GWM,Wey 03,5/2024,1 143 260 Kč,5 000 km,270 kW,Hybrid,,Automat
Ford,Explorer,12/2024,1 127 260 Kč,10 km,210 kW,Hybrid,,Automat
Jeep,Renegade,4/2023,998 260 Kč,4 256 km,132 kW,Hybrid,1.9 l/100km,Automat
Kia,EV3,10/2024,852 260 Kč,2 205 km,150 kW,Elektro,,Automat
Ora,Funky Cat,8/2023,520 260 Kč,10 398 km,126 kW,Elektro,,Automat
Volkswagen,Crafter,9/2014,359 260 Kč,123 000 km,100 kW,Diesel,8.2 l/100km,Manuál
MG,MG4,6/2024,628 760 Kč,1 400 km,150 kW,Elektro,,Automat
Dacia,Spring,4/2023,296 760 Kč,12 371 km,34 kW,Elektro,,Automat
Cupra,Tavascan,8/2024,1 341 260 Kč,9 500 km,250 kW,Elektro,16.8 kWh/100km,Automat
Hyundai,Inster,1/2025,614 260 Kč,25 km,71 kW,Elektro,14.3 kWh/100km,Automat
Mazda,MX-30,12/2020,417 760 Kč,13 700 km,107 kW,Elektro,,Automat
MG,ZS,12/2019,358 260 Kč,93 848 km,110 kW,Elektro,,Automat
Fiat,Talento,5/2021,327 260 Kč,85 000 km,88 kW,Diesel,6 l/100km,Manuál
Cupra,Tavascan,9/2024,1 314 760 Kč,9 999 km,250 kW,Elektro,16.8 kWh/100km,Automat
Seres,3,12/2022,523 260 Kč,2 238 km,120 kW,Elektro,,Automat
MG,MG3,12/2024,458 260 Kč,0 km,143 kW,Hybrid,,Manuál
Opel,Ampera-e,11/2019,388 260 Kč,72 795 km,150 kW,Elektro,,Automat
Audi,Q4 e-tron,12/2022,747 260 Kč,13 770 km,125 kW,Elektro,,Automat
Land Rover,Discovery Sport,3/2024,1 260 760 Kč,9 933 km,221 kW,Hybrid,,Automat
MG,MG4,8/2023,839 760 Kč,6 000 km,320 kW,Elektro,18.7 kWh/100km,Automat
Suzuki,SX4 S-Cross,12/2024,622 260 Kč,0 km,95 kW,Benzín,5.4 l/100km,Manuál
Nissan,Leaf,7/2019,313 260 Kč,86 950 km,110 kW,Elektro,17.1 kWh/100km,Automat
Toyota,Land Cruiser,12/2024,1 522 760 Kč,0 km,148 kW,Diesel,7.6 l/100km,Automat
Cupra,Tavascan,10/2024,1 341 260 Kč,5 000 km,250 kW,Elektro,16.8 kWh/100km,Automat
Audi,S5,1/2022,1 286 760 Kč,25 700 km,251 kW,Diesel,6.4 l/100km,Automat
Genesis,GV70,4/2022,1 126 260 Kč,67 185 km,154 kW,Diesel,7 l/100km,Automat
Fiat,500X,11/2023,590 760 Kč,1 600 km,96 kW,Benzín,5.8 l/100km,Automat
Citroën,Berlingo,2/2019,284 260 Kč,164 000 km,75 kW,Diesel,4.3 l/100km,Manuál
Mercedes-Benz,EQS,3/2023,1 604 760 Kč,17 690 km,245 kW,Elektro,,Automat
Ora,Funky Cat,3/2023,575 760 Kč,6 000 km,126 kW,Elektro,,Automat
Cupra,Tavascan,10/2024,1 407 260 Kč,8 000 km,250 kW,Elektro,16.8 kWh/100km,Automat
Ford,Capri,11/2024,1 148 760 Kč,20 km,210 kW,Elektro,,Automat
Volkswagen,Amarok,12/2024,1 116 760 Kč,15 km,151 kW,Diesel,8.7 l/100km,Automat
GWM,03,4/2023,544 260 Kč,2 600 km,126 kW,Elektro,,Automat
Volkswagen,T6 Transporter,2/2018,514 260 Kč,110 655 km,63 kW,Diesel,5.9 l/100km,Manuál
Audi,e-tron,1/2023,952 260 Kč,24 527 km,300 kW,Elektro,,Automat
BMW,X4,8/2015,513 260 Kč,161 000 km,190 kW,Diesel,5.9 l/100km,Automat
BMW,iX2,1/2025,1 433 260 Kč,0 km,230 kW,Elektro,17.2 kWh/100km,Automat
MG,ZS,6/2022,416 760 Kč,49 900 km,130 kW,Benzín,9.4 l/100km,Manuál
Peugeot,5008,1/2016,234 260 Kč,150 000 km,85 kW,Diesel,4.2 l/100km,Manuál
Alpina,XD3,5/2020,1 341 260 Kč,72 499 km,285 kW,Diesel,8.6 l/100km,Automat
Cupra,Tavascan,10/2024,1 340 260 Kč,6 500 km,250 kW,Elektro,16.8 kWh/100km,Automat
GWM,07,10/2024,1 206 760 Kč,0 km,300 kW,Elektro,17.5 kWh/100km,Automat
Cupra,Born,3/2023,863 260 Kč,9 665 km,170 kW,Elektro,,Automat
Renault,R 5,12/2024,714 260 Kč,5 km,90 kW,Elektro,14.8 kWh/100km,Automat
Alfa Romeo,Tonale,12/2022,683 260 Kč,26 702 km,96 kW,Diesel,5.6 l/100km,Automat
Hyundai,Inster,2/2025,669 260 Kč,3 000 km,71 kW,Elektro,14.3 kWh/100km,Automat
BMW,i4,3/2024,1 494 260 Kč,20 400 km,400 kW,Elektro,,Automat
BMW,iX2,12/2024,1 417 760 Kč,0 km,230 kW,Elektro,17.3 kWh/100km,Automat
GWM,Wey 03,11/2024,1 235 260 Kč,0 km,270 kW,Hybrid,25.2 l/100km,Automat
Volkswagen,T6 Transporter,7/2020,781 760 Kč,117 431 km,110 kW,Diesel,7 l/100km,Manuál
Smart,#1,8/2023,712 760 Kč,12 300 km,200 kW,Elektro,17.4 kWh/100km,Automat
Hyundai,Inster,12/2024,602 260 Kč,0 km,85 kW,Elektro,14.9 kWh/100km,Automat
Fiat,Doblo,2/2018,207 760 Kč,111 077 km,70 kW,Diesel,5.2 l/100km,Manuál
Cupra,Tavascan,11/2024,1 446 760 Kč,0 km,250 kW,Elektro,16.8 kWh/100km,Automat
Tesla,Model Y,12/2023,1 089 760 Kč,40 690 km,378 kW,Elektro,16.9 kWh/100km,Automat
Volkswagen,Crafter,12/2024,1 084 260 Kč,0 km,103 kW,Diesel,7.8 l/100km,Manuál
Maserati,Ghibli,1/2021,869 260 Kč,79 000 km,302 kW,Benzín,9.3 l/100km,Automat
Peugeot,Expert,7/2021,496 760 Kč,121 403 km,132 kW,Diesel,5.6 l/100km,Automat
Peugeot,308,8/2022,494 260 Kč,38 977 km,96 kW,Benzín,5.4 l/100km,Automat
Volvo,EX40,12/2024,1 316 260 Kč,0 km,185 kW,Elektro,,Automat
Peugeot,Partner,11/2020,339 760 Kč,77 737 km,75 kW,Diesel,4.4 l/100km,Manuál
BMW,X4,1/2025,1 510 260 Kč,1 km,135 kW,Benzín,7.6 l/100km,Automat
Citroën,Jumpy,12/2024,1 051 760 Kč,110 km,130 kW,Diesel,7.4 l/100km,Automat
Audi,A4,5/2024,979 260 Kč,20 500 km,150 kW,Benzín,5.9 l/100km,Automat
Citroën,C4,6/2023,533 260 Kč,7 200 km,100 kW,Elektro,,Automat
Nissan,Leaf,11/2021,374 760 Kč,55 310 km,110 kW,Elektro,,Automat
Hyundai,Inster,12/2024,656 760 Kč,0 km,71 kW,Elektro,,Automat
Kia,Stonic,5/2023,359 260 Kč,29 624 km,88 kW,Benzín,5 l/100km,Automat
Volkswagen,ID.4,1/2025,1 293 260 Kč,0 km,210 kW,Elektro,,Automat
Hyundai,i40,5/2018,259 260 Kč,169 000 km,104 kW,Diesel,4.6 l/100km,Manuál
Cupra,Born,7/2023,681 260 Kč,31 172 km,170 kW,Elektro,,Automat
Fiat,Ducato,6/2023,626 760 Kč,9 700 km,103 kW,Diesel,7.9 l/100km,Manuál
Honda,e:NY1,1/2024,1 136 760 Kč,0 km,150 kW,Elektro,,Automat
Volkswagen,T5 Caravelle,5/2024,1 039 760 Kč,13 432 km,132 kW,Diesel,6.7 l/100km,Automat
Toyota,Aygo X,12/2024,449 260 Kč,0 km,53 kW,Benzín,4.5 l/100km,Manuál
Toyota,Proace,6/2020,443 260 Kč,110 600 km,90 kW,Diesel,5.4 l/100km,Manuál
Dacia,Spring,1/2023,317 760 Kč,25 970 km,33 kW,Elektro,,Automat
Audi,S7,5/2022,1 602 260 Kč,90 950 km,253 kW,Diesel,6.4 l/100km,Automat
DS Automobiles,DS9,11/2024,1 391 260 Kč,14 900 km,265 kW,Hybrid,19.7 l/100km,Automat
Audi,e-tron,1/2023,1 303 760 Kč,11 300 km,300 kW,Elektro,,Automat
Lexus,ES 300,12/2024,1 261 760 Kč,0 km,160 kW,Hybrid,5.3 l/100km,Automat
Lexus,RZ,3/2024,1 182 760 Kč,7 600 km,230 kW,Elektro,,Automat
Mercedes-Benz,GLA 200,6/2024,1 091 760 Kč,11 263 km,110 kW,Diesel,5.4 l/100km,Automat
Land Rover,Discovery Sport,3/2021,813 260 Kč,47 875 km,227 kW,Hybrid,2 l/100km,Automat
Tesla,Model 3,5/2021,813 260 Kč,65 903 km,377 kW,Elektro,16.5 kWh/100km,Automat
Smart,#1,7/2023,760 760 Kč,12 900 km,200 kW,Elektro,17.4 kWh/100km,Automat
Citroën,C3 Aircross,5/2022,383 260 Kč,58 523 km,81 kW,Diesel,3.6 l/100km,Manuál
MG,ZS,12/2019,350 760 Kč,84 827 km,110 kW,Elektro,,Automat
Mercedes-Benz,E 300,12/2020,759 260 Kč,119 000 km,225 kW,Hybrid,6.4 l/100km,Automat
BMW,X4,5/2024,1 602 760 Kč,6 000 km,250 kW,Diesel,6.9 l/100km,Automat
Volvo,EX40,7/2024,1 440 760 Kč,0 km,185 kW,Elektro,16.6 kWh/100km,Automat
Ford,Mustang Mach-E,1/2023,1 424 260 Kč,1 km,358 kW,Elektro,,Automat
BMW,iX,3/2023,1 237 260 Kč,30 000 km,385 kW,Elektro,,Automat
Nissan,X-Trail,12/2024,755 260 Kč,20 km,120 kW,Benzín,7.1 l/100km,Automat
Seres,3,10/2024,652 760 Kč,0 km,120 kW,Elektro,18 kWh/100km,Automat
Citroën,C4,7/2023,599 760 Kč,4 655 km,100 kW,Elektro,15.3 kWh/100km,Automat
MG,EHS,12/2021,508 760 Kč,29 711 km,209 kW,Hybrid,,Automat
Porsche,Taycan,10/2021,1 446 760 Kč,72 525 km,300 kW,Elektro,,Automat
BMW,630 Gran Turismo,4/2021,945 760 Kč,42 636 km,210 kW,Diesel,5.9 l/100km,Automat
Jeep,Renegade,11/2022,598 760 Kč,15 880 km,140 kW,Hybrid,1.9 l/100km,Automat
BMW,630 Gran Turismo,7/2021,1 263 260 Kč,39 000 km,210 kW,Diesel,5.9 l/100km,Automat
Mercedes-Benz,E 300,11/2020,865 760 Kč,70 000 km,225 kW,Hybrid,6.4 l/100km,Automat
Mercedes-Benz,B 250,11/2022,581 260 Kč,20 972 km,160 kW,Hybrid,,Automat
Mercedes-Benz,E 300,5/2024,1 341 260 Kč,8 416 km,230 kW,Hybrid,,Automat
SsangYong,Torres,3/2025,945 260 Kč,1 000 km,152 kW,Elektro,,Automat
Volkswagen,T-Roc,12/2024,810 760 Kč,0 km,85 kW,Benzín,6 l/100km,Manuál
Toyota,Aygo X,2/2025,460 760 Kč,0 km,53 kW,Benzín,4.5 l/100km,Manuál
MG,ZS,12/2019,363 260 Kč,85 378 km,110 kW,Elektro,,Automat
BMW,M5,5/2019,1 704 260 Kč,35 000 km,460 kW,Benzín,11.3 l/100km,Automat
Audi,A8,1/2022,1 419 260 Kč,52 851 km,250 kW,Benzín,8.2 l/100km,Automat
Cupra,Tavascan,10/2024,1 298 760 Kč,9 000 km,250 kW,Elektro,16.8 kWh/100km,Automat
Land Rover,Defender,3/2024,1 417 260 Kč,27 866 km,183 kW,Diesel,9.9 l/100km,Automat
Nissan,Ariya,2/2024,1 394 760 Kč,2 500 km,290 kW,Elektro,,Automat
Audi,A4,6/2024,950 760 Kč,26 020 km,150 kW,Benzín,5.9 l/100km,Automat
MG,MG4,2/2023,549 260 Kč,5 000 km,125 kW,Elektro,17 kWh/100km,Automat
Opel,Ampera-e,11/2019,381 260 Kč,72 536 km,150 kW,Elektro,,Automat
Fiat,Doblo,6/2015,115 760 Kč,55 701 km,66 kW,Diesel,5.5 l/100km,Manuál
BMW,X4,11/2024,1 539 260 Kč,0 km,135 kW,Benzín,7.5 l/100km,Automat
Hyundai,Inster,1/2025,647 260 Kč,3 000 km,71 kW,Elektro,14.3 kWh/100km,Automat
MG,EHS,6/2022,569 760 Kč,10 000 km,190 kW,Hybrid,,Automat
BMW,iX1,12/2024,1 287 760 Kč,50 km,150 kW,Elektro,16.8 kWh/100km,Automat
Renault,Trafic,12/2021,696 260 Kč,96 323 km,107 kW,Diesel,6 l/100km,Automat
Hyundai,Inster,12/2024,691 760 Kč,1 km,85 kW,Elektro,14.9 kWh/100km,Automat
Mercedes-Benz,EQE,4/2024,1 285 260 Kč,9 987 km,180 kW,Elektro,,Automat
Kia,EV6,7/2024,1 182 760 Kč,50 km,239 kW,Elektro,17.2 kWh/100km,Automat
Volvo,EX30,12/2024,942 760 Kč,0 km,200 kW,Elektro,,Automat
Genesis,GV70,2/2022,891 260 Kč,126 754 km,154 kW,Diesel,7 l/100km,Automat
Jaguar,E-Pace,7/2022,819 260 Kč,16 700 km,150 kW,Diesel,7 l/100km,Automat
Smart,#1,8/2023,718 260 Kč,12 300 km,200 kW,Elektro,17.4 kWh/100km,Automat
Seres,3,10/2024,652 760 Kč,0 km,120 kW,Elektro,18 kWh/100km,Automat
Opel,Combo,5/2023,573 260 Kč,1 200 km,100 kW,Elektro,,Automat
MG,MG4,2/2023,535 260 Kč,5 772 km,125 kW,Elektro,,Automat
Nissan,Leaf,3/2023,464 260 Kč,8 070 km,110 kW,Elektro,,Automat
Audi,e-tron GT,1/2022,1 282 260 Kč,103 695 km,350 kW,Elektro,,Automat
Nissan,Ariya,1/2023,810 760 Kč,9 310 km,160 kW,Elektro,,Automat
Hyundai,Inster,11/2024,628 760 Kč,0 km,85 kW,Elektro,14.9 kWh/100km,Automat
MG,MG4,2/2023,506 760 Kč,15 996 km,125 kW,Elektro,17 kWh/100km,Automat
Mercedes-Benz,Vito,1/2025,1 451 760 Kč,0 km,140 kW,Diesel,5.8 l/100km,Automat
Volvo,V90,1/2022,786 260 Kč,130 210 km,253 kW,Hybrid,,Automat
Alfa Romeo,Tonale,12/2022,668 760 Kč,22 846 km,96 kW,Diesel,5.6 l/100km,Automat
Cupra,Terramar,12/2024,1 404 260 Kč,0 km,195 kW,Benzín,8.6 l/100km,Automat
Volvo,EX30,12/2024,875 260 Kč,0 km,200 kW,Elektro,,Automat
Audi,S8,7/2016,1 156 760 Kč,95 600 km,445 kW,Benzín,9.7 l/100km,Automat
MG,MG5,12/2024,628 760 Kč,10 km,130 kW,Elektro,,Automat
Maxus,Deliver 3,11/2024,532 260 Kč,10 km,90 kW,Elektro,,Automat
Audi,Q2,3/2017,420 760 Kč,77 436 km,110 kW,Benzín,5.2 l/100km,Manuál
Volkswagen,T5 Caravelle,3/2024,1 042 260 Kč,19 098 km,132 kW,Diesel,6.7 l/100km,Automat
Ford,Bronco,1/2025,1 565 260 Kč,25 km,246 kW,Benzín,13.4 l/100km,Automat
BYD,SeaLion 7,2/2025,1 395 260 Kč,3 000 km,390 kW,Elektro,,Automat
Fiat,Scudo,12/2024,725 260 Kč,10 km,88 kW,Diesel,6.5 l/100km,Manuál
Audi,A3,7/2022,721 260 Kč,73 001 km,150 kW,Hybrid,5.9 l/100km,Automat
Renault,Kangoo,12/2024,580 760 Kč,0 km,55 kW,Diesel,5.1 l/100km,Manuál
Mazda,MX-30,12/2021,470 760 Kč,43 370 km,107 kW,Elektro,19 kWh/100km,Automat
GWM,Wey 05,11/2024,1 243 760 Kč,10 km,350 kW,Hybrid,24.4 l/100km,Automat
Tesla,Model X,8/2019,1 130 260 Kč,82 000 km,413 kW,Elektro,,Automat
Kia,EV3,12/2024,984 760 Kč,0 km,150 kW,Elektro,16.2 kWh/100km,Automat
BMW,X4,4/2021,916 760 Kč,99 987 km,210 kW,Diesel,6.1 l/100km,Automat
Smart,#1,8/2023,704 760 Kč,14 800 km,200 kW,Elektro,17.4 kWh/100km,Automat
Porsche,Taycan,12/2021,1 470 760 Kč,60 200 km,350 kW,Elektro,,Automat
Audi,e-tron GT,1/2022,1 444 760 Kč,52 500 km,350 kW,Elektro,20.3 kWh/100km,Automat
Cupra,Tavascan,10/2024,1 393 760 Kč,12 000 km,250 kW,Elektro,16.8 kWh/100km,Automat
Kia,EV6,12/2024,1 314 760 Kč,0 km,168 kW,Elektro,15.9 kWh/100km,Automat
Volkswagen,Caddy,1/2025,907 260 Kč,10 km,85 kW,Benzín,6.6 l/100km,Automat
Toyota,Proace City,12/2024,587 760 Kč,10 km,100 kW,Elektro,,Automat
Seres,3,4/2022,496 760 Kč,3 500 km,120 kW,Elektro,,Automat
Renault,Kangoo,1/2016,184 260 Kč,123 245 km,66 kW,Diesel,4.6 l/100km,Manuál
Jaguar,F-Pace,6/2024,1 527 760 Kč,6 909 km,297 kW,Hybrid,2.4 l/100km,Automat
BMW,520,8/2024,1 283 260 Kč,9 600 km,140 kW,Benzín,5.9 l/100km,Automat
Lexus,RZ,5/2024,1 260 260 Kč,8 000 km,230 kW,Elektro,,Automat
Volvo,XC60,10/2022,948 260 Kč,115 130 km,257 kW,Hybrid,,Automat
MG,Marvel R,9/2024,851 760 Kč,5 000 km,132 kW,Elektro,19.4 kWh/100km,Automat
Nissan,Ariya,4/2023,813 260 Kč,26 150 km,160 kW,Elektro,,Automat
Fiat,Ducato,2/2021,681 260 Kč,66 000 km,103 kW,Diesel,7.1 l/100km,Manuál
Mazda,MX-30,8/2023,536 260 Kč,8 000 km,107 kW,Elektro,17.9 kWh/100km,Automat
BMW,225 Active Tourer,1/2020,489 260 Kč,69 986 km,165 kW,Hybrid,1.9 l/100km,Automat
Mazda,CX-80,12/2024,1 601 260 Kč,0 km,187 kW,Diesel,5.8 l/100km,Automat
Audi,A6,7/2024,1 330 760 Kč,28 052 km,195 kW,Benzín,7 l/100km,Automat
Mitsubishi,Colt,11/2023,575 760 Kč,14 300 km,120 kW,Hybrid,,Automat
Opel,Mokka,4/2024,536 260 Kč,28 953 km,74 kW,Benzín,4.6 l/100km,Manuál
Ford,Capri,12/2024,1 303 760 Kč,20 km,250 kW,Elektro,,Automat
Volkswagen,ID.4,7/2024,971 760 Kč,90 km,150 kW,Elektro,16.4 kWh/100km,Automat
Honda,e,5/2022,618 760 Kč,16 000 km,113 kW,Elektro,,Automat
Mercedes-Benz,E 300,7/2020,570 260 Kč,132 087 km,225 kW,Hybrid,6.4 l/100km,Automat
Fiat,Talento,9/2020,259 760 Kč,114 159 km,107 kW,Diesel,7.2 l/100km,Manuál
Mazda,CX-80,12/2024,1 525 760 Kč,0 km,187 kW,Diesel,5.7 l/100km,Automat
BMW,iX2,3/2024,1 306 760 Kč,10 899 km,230 kW,Elektro,,Automat
Mercedes-Benz,C 300,10/2023,1 093 260 Kč,8 221 km,230 kW,Hybrid,,Automat
BMW,520,1/2023,1 010 760 Kč,42 300 km,140 kW,Diesel,5 l/100km,Automat
Mitsubishi,Outlander,12/2019,371 760 Kč,119 499 km,110 kW,Benzín,7.1 l/100km,Automat
BMW,iX2,12/2024,1 306 260 Kč,0 km,225 kW,Elektro,,Automat
Mercedes-Benz,E 300,1/2022,1 129 760 Kč,33 295 km,225 kW,Hybrid,,Automat
Toyota,bZ4X,11/2024,872 260 Kč,0 km,150 kW,Elektro,16.7 kWh/100km,Automat
Nissan,X-Trail,4/2024,850 260 Kč,5 803 km,120 kW,Benzín,6.7 l/100km,Automat
Mercedes-Benz,Vito,6/2020,833 260 Kč,57 220 km,100 kW,Diesel,6.5 l/100km,Automat
Nissan,e-NV200,10/2019,478 260 Kč,31 000 km,80 kW,Elektro,,Automat
GWM,Wey 03,7/2024,961 260 Kč,8 000 km,270 kW,Hybrid,,Automat
Volkswagen,ID.3,2/2024,891 260 Kč,6 230 km,150 kW,Elektro,15.1 kWh/100km,Automat
BMW,216 Active Tourer,12/2024,813 260 Kč,0 km,90 kW,Benzín,6.2 l/100km,Automat
Mazda,MX-30,11/2023,733 260 Kč,14 597 km,125 kW,Hybrid,,Automat
Lexus,ES 300,12/2024,1 261 760 Kč,0 km,160 kW,Hybrid,5.3 l/100km,Automat
Ora,Funky Cat,12/2024,628 260 Kč,25 km,126 kW,Elektro,16.7 kWh/100km,Automat
Volkswagen,Crafter,8/2020,588 260 Kč,90 481 km,100 kW,Elektro,,Automat
BMW,iX2,3/2024,1 233 260 Kč,8 275 km,230 kW,Elektro,,Automat
Volvo,EX30,11/2024,865 260 Kč,5 km,200 kW,Elektro,17 kWh/100km,Automat
Volkswagen,Arteon,2/2023,838 760 Kč,103 505 km,235 kW,Benzín,8.9 l/100km,Automat
Cupra,Born,11/2023,709 260 Kč,20 000 km,170 kW,Elektro,,Automat
Hyundai,IONIQ 6,8/2023,1 073 760 Kč,15 km,168 kW,Elektro,,Automat
MG,MG4,12/2024,603 760 Kč,4 km,125 kW,Elektro,17 kWh/100km,Automat
MG,EHS,11/2021,470 260 Kč,26 625 km,190 kW,Hybrid,,Automat
Citroën,C3 Aircross,12/2022,355 760 Kč,81 963 km,81 kW,Diesel,3.6 l/100km,Manuál
Mercedes-Benz,GLB 200,11/2024,1 330 260 Kč,0 km,110 kW,Diesel,5.6 l/100km,Automat
GWM,Wey 03,11/2024,1 235 260 Kč,0 km,270 kW,Hybrid,25.2 l/100km,Automat
Mazda,MX-30,6/2021,471 260 Kč,5 186 km,107 kW,Elektro,19 kWh/100km,Automat
Volvo,S60,1/2024,1 366 760 Kč,0 km,253 kW,Hybrid,,Automat
Volkswagen,T6 Transporter,3/2025,1 061 260 Kč,10 km,110 kW,Diesel,6.5 l/100km,Manuál
Alfa Romeo,Tonale,2/2023,892 260 Kč,15 000 km,206 kW,Hybrid,,Automat
Ora,Funky Cat,8/2023,668 260 Kč,9 957 km,126 kW,Elektro,,Automat
Volkswagen,T6 Kombi,5/2018,615 260 Kč,94 562 km,110 kW,Diesel,8.5 l/100km,Manuál
Honda,e,4/2021,511 260 Kč,14 000 km,113 kW,Elektro,,Automat
Volkswagen,ID.3,12/2024,912 260 Kč,0 km,125 kW,Elektro,15.5 kWh/100km,Automat
BMW,520,1/2022,900 260 Kč,52 086 km,140 kW,Diesel,4.3 l/100km,Automat
Audi,e-tron,6/2024,1 458 760 Kč,11 680 km,300 kW,Elektro,,Automat
Mercedes-Benz,E 220,2/2024,1 414 760 Kč,7 941 km,147 kW,Diesel,,Automat
Genesis,G70,5/2023,944 260 Kč,28 294 km,147 kW,Diesel,7.5 l/100km,Automat
BMW,330,1/2021,757 760 Kč,80 000 km,185 kW,Hybrid,,Automat
MG,MG3,12/2024,496 760 Kč,0 km,143 kW,Hybrid,4.4 l/100km,Automat
Volvo,V90,1/2025,1 392 260 Kč,0 km,261 kW,Hybrid,,Automat
Maserati,Ghibli,2/2022,997 760 Kč,125 840 km,243 kW,Benzín,8.7 l/100km,Automat
Audi,A3,11/2022,707 760 Kč,21 967 km,180 kW,Hybrid,6.1 l/100km,Automat
Smart,#1,5/2023,696 760 Kč,13 416 km,200 kW,Elektro,,Automat
Audi,A6,8/2023,1 130 260 Kč,14 200 km,195 kW,Benzín,6.8 l/100km,Automat
BYD,Tang,7/2023,1 037 260 Kč,35 000 km,380 kW,Elektro,23.8 kWh/100km,Automat
Hyundai,IONIQ 5,9/2021,785 760 Kč,55 874 km,225 kW,Elektro,17.7 kWh/100km,Automat
Mercedes-Benz,B 250,11/2022,573 260 Kč,27 125 km,160 kW,Hybrid,,Automat
Mazda,CX-80,10/2024,1 420 260 Kč,5 000 km,241 kW,Hybrid,,Automat
Audi,SQ2,10/2024,1 308 760 Kč,0 km,221 kW,Benzín,8.3 l/100km,Automat
Volkswagen,Crafter,12/2021,648 760 Kč,169 000 km,130 kW,Diesel,8.5 l/100km,Automat
Alfa Romeo,Stelvio,6/2024,1 180 260 Kč,8 007 km,206 kW,Benzín,7 l/100km,Automat
Volkswagen,T5 Caravelle,6/2024,1 046 760 Kč,15 040 km,132 kW,Diesel,6.7 l/100km,Automat
Volkswagen,Amarok,5/2024,1 645 260 Kč,10 900 km,151 kW,Diesel,8.7 l/100km,Automat
Audi,A6,8/2024,1 330 760 Kč,28 637 km,195 kW,Benzín,7 l/100km,Automat
Hyundai,Inster,12/2024,628 260 Kč,0 km,85 kW,Elektro,15.1 kWh/100km,Automat
BMW,430 Gran Coupé,1/2018,483 760 Kč,136 945 km,185 kW,Benzín,6 l/100km,Manuál
Opel,Ampera-e,6/2020,409 260 Kč,79 291 km,150 kW,Elektro,,Automat
Lancia,Ypsilon,3/2022,309 760 Kč,34 000 km,51 kW,Hybrid,,Manuál
Alpina,B3,8/2021,1 552 260 Kč,65 499 km,340 kW,Benzín,10.3 l/100km,Automat
BMW,520,12/2024,1 470 760 Kč,0 km,145 kW,Diesel,5.9 l/100km,Automat
Ford,Explorer,12/2024,941 260 Kč,59 km,210 kW,Elektro,,Automat
Mazda,MX-30,11/2023,691 760 Kč,10 790 km,125 kW,Hybrid,,Automat
Volkswagen,Crafter,4/2018,569 260 Kč,161 798 km,130 kW,Diesel,8.7 l/100km,Manuál
Mercedes-Benz,EQB,1/2025,1 416 260 Kč,0 km,140 kW,Elektro,15.2 kWh/100km,Automat
DFSK,Seres 3,12/2024,602 260 Kč,15 km,120 kW,Elektro,18 kWh/100km,Automat
Alfa Romeo,Giulia,5/2019,512 260 Kč,130 506 km,148 kW,Benzín,6.6 l/100km,Automat
Nissan,Leaf,5/2020,383 260 Kč,86 433 km,110 kW,Elektro,17.1 kWh/100km,Automat
Mercedes-Benz,E 220,7/2024,1 417 260 Kč,5 720 km,147 kW,Diesel,,Automat
BMW,iX2,3/2024,1 259 760 Kč,8 200 km,230 kW,Elektro,,Automat
Audi,A7,11/2020,971 760 Kč,49 940 km,220 kW,Hybrid,,Automat
Volvo,EX30,11/2024,971 760 Kč,0 km,200 kW,Elektro,17 kWh/100km,Automat
Nissan,Ariya,6/2024,942 760 Kč,8 500 km,160 kW,Elektro,,Automat
Kia,EV3,3/2025,892 260 Kč,10 km,150 kW,Elektro,16 kWh/100km,Automat
Citroën,C5 X,7/2023,750 260 Kč,10 km,165 kW,Hybrid,,Automat
Smart,#1,8/2023,744 260 Kč,20 097 km,200 kW,Elektro,17.4 kWh/100km,Automat
Jeep,Avenger,10/2024,662 760 Kč,0 km,74 kW,Benzín,5.4 l/100km,Manuál
Hyundai,Inster,1/2025,653 760 Kč,3 000 km,71 kW,Elektro,14.3 kWh/100km,Automat
Mercedes-Benz,B 200,7/2022,646 760 Kč,34 014 km,110 kW,Diesel,5 l/100km,Automat
Cupra,Born,9/2022,643 260 Kč,82 465 km,150 kW,Elektro,15.3 kWh/100km,Automat
GWM,03,8/2023,559 760 Kč,5 900 km,126 kW,Elektro,,Automat
Smart,ForFour,3/2022,307 760 Kč,15 846 km,60 kW,Elektro,,Automat
Volvo,EX40,11/2024,1 420 260 Kč,2 km,185 kW,Elektro,16.8 kWh/100km,Automat
Volkswagen,Amarok,5/2024,1 182 760 Kč,12 000 km,151 kW,Diesel,8.7 l/100km,Automat
Volkswagen,Golf,8/2024,1 074 260 Kč,4 580 km,147 kW,Diesel,4.8 l/100km,Automat
Fiat,Ducato,7/2021,458 260 Kč,83 000 km,103 kW,Diesel,7.3 l/100km,Manuál
Porsche,Taycan,11/2021,1 539 260 Kč,42 000 km,350 kW,Elektro,,Automat
BMW,iX,2/2023,1 177 760 Kč,61 998 km,240 kW,Elektro,,Automat
Kia,EV6,6/2024,915 260 Kč,10 km,125 kW,Elektro,16.6 kWh/100km,Automat
Audi,Q3,10/2020,774 260 Kč,88 900 km,110 kW,Diesel,5.2 l/100km,Automat
Cupra,Born,5/2022,691 760 Kč,37 600 km,150 kW,Elektro,,Automat
Opel,Vivaro,5/2019,342 260 Kč,100 948 km,92 kW,Diesel,6 l/100km,Manuál
Smart,ForFour,3/2022,291 260 Kč,21 684 km,60 kW,Elektro,,Automat
Toyota,Aygo,8/2019,202 260 Kč,50 942 km,54 kW,Benzín,3.9 l/100km,Manuál
Audi,e-tron GT,1/2022,1 600 760 Kč,63 643 km,350 kW,Elektro,,Automat
Mercedes-Benz,EQA,1/2025,1 450 760 Kč,0 km,139 kW,Elektro,,Automat
GWM,Wey 05,1/2024,1 232 760 Kč,35 000 km,350 kW,Hybrid,,Automat
Subaru,Solterra,10/2024,1 155 260 Kč,15 km,160 kW,Elektro,17.9 kWh/100km,Automat
Volkswagen,T5 Caravelle,4/2024,1 007 760 Kč,25 226 km,132 kW,Diesel,6.7 l/100km,Automat
Mercedes-Benz,GLC 400,12/2021,853 260 Kč,171 000 km,243 kW,Diesel,6.9 l/100km,Automat
BMW,330,4/2021,705 260 Kč,92 600 km,190 kW,Benzín,6.4 l/100km,Automat
Mazda,MX-30,4/2024,665 760 Kč,12 km,125 kW,Hybrid,17.5 l/100km,Automat
Mercedes-Benz,B 250,11/2022,584 260 Kč,21 021 km,160 kW,Hybrid,,Automat
Mercedes-Benz,C 300,11/2023,1 024 260 Kč,8 566 km,230 kW,Hybrid,,Automat
Mazda,MX-30,11/2024,698 760 Kč,8 km,107 kW,Elektro,17.9 kWh/100km,Automat
Toyota,Yaris,6/2024,624 760 Kč,3 270 km,96 kW,Hybrid,,Automat
GWM,03,6/2023,548 760 Kč,11 359 km,126 kW,Elektro,,Automat
Dacia,Duster,7/2021,418 260 Kč,73 700 km,85 kW,Diesel,4.7 l/100km,Manuál
BMW,iX1,1/2025,1 288 260 Kč,0 km,150 kW,Elektro,16.2 kWh/100km,Automat
Smart,#1,7/2023,717 760 Kč,19 990 km,200 kW,Elektro,,Automat
MG,ZS,10/2021,394 260 Kč,22 812 km,105 kW,Elektro,,Automat
Citroën,C4,6/2023,586 260 Kč,10 km,100 kW,Elektro,15.3 kWh/100km,Automat
Volkswagen,T6 Transporter,8/2022,554 760 Kč,114 509 km,81 kW,Diesel,6.9 l/100km,Manuál
Nissan,Leaf,12/2023,475 260 Kč,15 320 km,110 kW,Elektro,,Automat
Kia,EV9,1/2023,1 532 260 Kč,10 km,282 kW,Elektro,,Automat
Audi,A6,5/2024,1 329 260 Kč,16 069 km,195 kW,Benzín,7 l/100km,Automat
Mazda,CX-60,8/2022,1 048 760 Kč,1 km,241 kW,Hybrid,,Automat
GWM,07,6/2024,963 760 Kč,9 700 km,300 kW,Elektro,17.5 kWh/100km,Automat
Alfa Romeo,Tonale,3/2024,839 760 Kč,50 km,118 kW,Benzín,5.7 l/100km,Automat
Hyundai,IONIQ 5,1/2024,838 260 Kč,6 141 km,125 kW,Elektro,16.7 kWh/100km,Automat
BMW,520,9/2022,809 760 Kč,78 159 km,140 kW,Diesel,5 l/100km,Automat
Renault,Trafic,3/2022,720 260 Kč,86 073 km,110 kW,Diesel,6.8 l/100km,Manuál
Mazda,MX-30,7/2021,494 260 Kč,7 383 km,107 kW,Elektro,,Automat
Honda,e,1/2022,460 760 Kč,20 355 km,100 kW,Elektro,,Automat
Dacia,Spring,7/2023,344 260 Kč,820 km,33 kW,Elektro,13.9 kWh/100km,Automat
Audi,e-tron GT,2/2022,1 391 260 Kč,70 631 km,350 kW,Elektro,20.3 kWh/100km,Automat
BMW,iX2,12/2024,1 273 760 Kč,0 km,150 kW,Elektro,16.9 kWh/100km,Automat
MG,MG4,7/2024,813 260 Kč,5 000 km,320 kW,Elektro,,Automat
Opel,Vivaro,11/2019,668 260 Kč,70 000 km,130 kW,Diesel,5.4 l/100km,Automat
MG,ZS,10/2021,482 760 Kč,9 123 km,105 kW,Elektro,,Automat
Toyota,Yaris,9/2018,435 260 Kč,49 989 km,74 kW,Hybrid,4.2 l/100km,Automat
Land Rover,Range Rover Sport,8/2024,2 216 760 Kč,100 km,183 kW,Diesel,7.5 l/100km,Automat
Audi,A6,1/2023,918 760 Kč,97 427 km,150 kW,Diesel,4.7 l/100km,Automat
Mazda,MX-30,3/2023,483 260 Kč,11 425 km,107 kW,Elektro,,Automat
Kia,Stonic,5/2023,359 260 Kč,35 854 km,88 kW,Benzín,5 l/100km,Automat
Evo,4,2/2021,356 760 Kč,78 500 km,78 kW,LPG,9.2 l/100km,Manuál
Polestar,2,5/2024,1 368 760 Kč,6 830 km,355 kW,Elektro,,Automat
Mercedes-Benz,E 300,5/2022,1 141 760 Kč,14 130 km,225 kW,Hybrid,,Automat
Renault,Trafic,11/2023,553 760 Kč,116 381 km,96 kW,Diesel,6.9 l/100km,Manuál
Nissan,Leaf,12/2021,408 760 Kč,10 000 km,110 kW,Elektro,17.1 kWh/100km,Automat
Cupra,Tavascan,2/2025,1 251 760 Kč,3 500 km,250 kW,Elektro,16.6 kWh/100km,Automat
Kia,EV6,6/2024,1 159 260 Kč,10 km,168 kW,Elektro,16.5 kWh/100km,Automat
Mercedes-Benz,C 200,8/2024,1 152 760 Kč,9 998 km,150 kW,Benzín,6.7 l/100km,Automat
GWM,Wey 05,4/2024,1 074 760 Kč,15 450 km,350 kW,Hybrid,,Automat
Mercedes-Benz,C 300,8/2023,1 036 760 Kč,27 800 km,230 kW,Hybrid,,Automat
Suzuki,Ignis,12/2024,549 260 Kč,9 km,66 kW,Benzín,5.4 l/100km,Manuál
Volvo,EX30,12/2024,1 082 760 Kč,0 km,315 kW,Elektro,,Automat
Hyundai,IONIQ 6,4/2024,1 048 760 Kč,2 104 km,239 kW,Elektro,,Automat
DS Automobiles,DS9,8/2022,846 760 Kč,10 600 km,165 kW,Hybrid,,Automat
Audi,e-tron GT,4/2021,1 417 260 Kč,72 100 km,350 kW,Elektro,,Automat
Nissan,Ariya,8/2023,1 077 260 Kč,13 000 km,178 kW,Elektro,,Automat
BMW,730,2/2019,926 760 Kč,132 000 km,195 kW,Diesel,6.5 l/100km,Automat
Smart,ForFour,10/2016,208 260 Kč,131 000 km,52 kW,Benzín,4.2 l/100km,Manuál
Mazda,MX-30,8/2023,624 760 Kč,15 057 km,107 kW,Elektro,17.9 kWh/100km,Automat
MG,MG4,4/2024,575 760 Kč,2 245 km,125 kW,Elektro,,Automat
Toyota,Proace,2/2020,552 260 Kč,115 397 km,90 kW,Diesel,5.4 l/100km,Manuál
Opel,Ampera-e,2/2020,407 260 Kč,78 286 km,150 kW,Elektro,,Automat
Dacia,Spring,2/2023,317 760 Kč,25 228 km,33 kW,Elektro,,Automat
BMW,540,12/2020,969 260 Kč,99 999 km,250 kW,Diesel,6.2 l/100km,Automat
MG,Marvel R,5/2023,760 760 Kč,19 999 km,212 kW,Elektro,,Automat
Dacia,Spring,9/2022,270 760 Kč,35 710 km,33 kW,Elektro,13.9 kWh/100km,Automat
Audi,A8,3/2022,1 314 260 Kč,141 568 km,250 kW,Benzín,8.2 l/100km,Automat
Kia,EV3,1/2025,810 260 Kč,0 km,150 kW,Elektro,16 kWh/100km,Automat
Lynk & Co,01,12/2022,609 260 Kč,35 042 km,192 kW,Hybrid,,Automat
Citroën,Berlingo,8/2020,270 760 Kč,133 000 km,75 kW,Diesel,5.5 l/100km,Manuál
Audi,e-tron GT,10/2021,1 431 260 Kč,42 800 km,350 kW,Elektro,20.3 kWh/100km,Automat
BMW,520,1/2022,879 260 Kč,52 055 km,140 kW,Diesel,5.1 l/100km,Automat
Fiat,Scudo,3/2022,740 260 Kč,1 381 km,107 kW,Diesel,5.4 l/100km,Manuál
Tesla,Model 3,12/2019,586 260 Kč,110 606 km,340 kW,Elektro,,Automat
DFSK,Seres 3,8/2023,575 760 Kč,4 955 km,120 kW,Elektro,,Automat
Jeep,Compass,9/2021,453 260 Kč,118 300 km,140 kW,Hybrid,,Automat
Fiat,Panda,3/2024,287 760 Kč,13 841 km,51 kW,Benzín,3.9 l/100km,Manuál
Hyundai,IONIQ 5,3/2024,1 604 760 Kč,0 km,448 kW,Elektro,21.2 kWh/100km,Automat
Land Rover,Range Rover Velar,9/2022,1 247 260 Kč,45 000 km,221 kW,Diesel,6.6 l/100km,Automat
Volvo,S90,3/2023,1 195 760 Kč,18 693 km,335 kW,Hybrid,,Automat
Citroën,C5 X,12/2022,824 260 Kč,2 km,163 kW,Hybrid,1.6 l/100km,Automat
BMW,118,5/2023,657 760 Kč,34 650 km,100 kW,Benzín,4.9 l/100km,Automat
Fiat,500X,4/2021,459 760 Kč,97 000 km,88 kW,Benzín,6.4 l/100km,Manuál
Fiat,Scudo,8/2016,273 260 Kč,169 900 km,94 kW,Diesel,6.9 l/100km,Manuál
Volkswagen,Amarok,1/2025,1 544 760 Kč,10 km,177 kW,Diesel,10 l/100km,Automat
Mazda,CX-60,1/2025,1 353 260 Kč,10 km,188 kW,Diesel,5.2 l/100km,Automat
GWM,Wey 05,7/2024,1 130 260 Kč,18 020 km,350 kW,Hybrid,,Automat
Cupra,Tavascan,9/2024,1 095 760 Kč,2 155 km,210 kW,Elektro,15.4 kWh/100km,Automat
Fiat,Ducato,7/2023,1 068 260 Kč,300 km,103 kW,Diesel,7.9 l/100km,Manuál
Mercedes-Benz,B 200,11/2022,745 760 Kč,30 339 km,110 kW,Diesel,5 l/100km,Automat
Toyota,Corolla Cross,3/2023,741 260 Kč,103 547 km,126 kW,Hybrid,,Automat
Mercedes-Benz,B 250,11/2022,573 260 Kč,26 481 km,160 kW,Hybrid,,Automat
Opel,Movano,4/2023,503 260 Kč,44 000 km,103 kW,Diesel,8.4 l/100km,Manuál
Renault,Kangoo,9/2019,239 260 Kč,47 153 km,66 kW,Diesel,4.7 l/100km,Manuál
Audi,S6,12/2023,1 577 760 Kč,8 527 km,253 kW,Diesel,6.4 l/100km,Automat
Mazda,CX-80,12/2024,1 473 260 Kč,1 km,241 kW,Hybrid,23 l/100km,Automat
BMW,440 Gran Coupé,2/2023,1 286 260 Kč,33 145 km,275 kW,Benzín,,Automat
Škoda,Scala,7/2023,473 760 Kč,2 330 km,70 kW,Benzín,4.7 l/100km,Manuál
Kia,EV9,1/2023,1 548 260 Kč,10 km,282 kW,Elektro,,Automat
Hyundai,IONIQ 6,6/2024,1 066 260 Kč,36 km,239 kW,Elektro,15.1 kWh/100km,Automat
Jeep,Avenger,2/2025,810 760 Kč,10 km,115 kW,Elektro,15.9 kWh/100km,Automat
Volvo,V90,1/2025,1 356 260 Kč,0 km,261 kW,Hybrid,,Automat
Opel,Vivaro,8/2017,469 260 Kč,73 123 km,88 kW,Diesel,6.5 l/100km,Manuál
Fiat,Tipo,6/2018,215 260 Kč,170 735 km,88 kW,Diesel,3.7 l/100km,Manuál
Audi,A6,8/2024,1 327 760 Kč,26 868 km,195 kW,Benzín,7 l/100km,Automat
Toyota,bZ4X,12/2024,872 260 Kč,3 km,150 kW,Elektro,14.4 kWh/100km,Automat
Volvo,S90,4/2020,860 760 Kč,49 800 km,173 kW,Diesel,5.4 l/100km,Automat
Citroën,C5 X,3/2024,720 260 Kč,15 000 km,165 kW,Hybrid,1.3 l/100km,Automat
Citroën,C4,9/2023,615 260 Kč,2 611 km,100 kW,Elektro,,Automat
Nissan,Leaf,12/2023,475 260 Kč,16 730 km,110 kW,Elektro,,Automat
Mazda,CX-80,11/2024,1 591 760 Kč,0 km,187 kW,Diesel,5.8 l/100km,Automat
BMW,iX2,1/2024,1 432 260 Kč,8 464 km,230 kW,Elektro,,Automat
GWM,07,11/2024,1 341 260 Kč,0 km,300 kW,Elektro,17.5 kWh/100km,Automat
Cupra,Terramar,12/2024,1 056 760 Kč,9 km,150 kW,Hybrid,,Automat
Cupra,Born,9/2023,773 260 Kč,20 km,150 kW,Elektro,,Automat
GWM,Wey 03,1/2025,1 208 760 Kč,1 500 km,270 kW,Hybrid,25.2 l/100km,Automat
BMW,iX1,2/2023,1 006 260 Kč,57 855 km,200 kW,Elektro,,Automat
Smart,#1,11/2024,932 260 Kč,6 000 km,200 kW,Elektro,,Automat
BMW,120,12/2024,776 760 Kč,0 km,125 kW,Benzín,6 l/100km,Automat
Volkswagen,Touareg,4/2023,1 364 260 Kč,58 900 km,170 kW,Diesel,8.2 l/100km,Automat
Mercedes-Benz,GLE 400,1/2022,1 283 760 Kč,166 050 km,243 kW,Diesel,7.6 l/100km,Automat
Tesla,Model 3,9/2020,702 260 Kč,81 000 km,350 kW,Elektro,,Automat
Honda,e,3/2022,615 260 Kč,6 963 km,100 kW,Elektro,,Automat
Volkswagen,Amarok,5/2024,1 645 260 Kč,11 400 km,151 kW,Diesel,8.7 l/100km,Automat
Mercedes-Benz,CLA 45 AMG,9/2024,1 602 260 Kč,9 500 km,310 kW,Benzín,8.9 l/100km,Automat
Audi,e-tron GT,2/2022,1 591 760 Kč,48 645 km,350 kW,Elektro,20.3 kWh/100km,Automat
Volkswagen,T6 Transporter,1/2021,780 260 Kč,137 614 km,110 kW,Diesel,6.6 l/100km,Automat
Renault,Austral,6/2024,759 260 Kč,14 803 km,116 kW,Benzín,5.9 l/100km,Automat
Toyota,Hilux,5/2021,753 260 Kč,88 652 km,150 kW,Diesel,8.8 l/100km,Automat
BMW,120,10/2021,707 760 Kč,20 043 km,131 kW,Benzín,5.7 l/100km,Automat
Ford,Focus,10/2023,692 260 Kč,10 km,114 kW,Hybrid,5.1 l/100km,Manuál
Seat,Ibiza,9/2021,318 760 Kč,31 730 km,66 kW,CNG,,Manuál
Audi,Q8,10/2024,1 590 760 Kč,1 000 km,250 kW,Elektro,21.7 kWh/100km,Automat
Lexus,RX 350,12/2024,1 549 760 Kč,1 km,183 kW,Hybrid,6.3 l/100km,Automat
Renault,Trafic,10/2024,954 760 Kč,10 km,125 kW,Diesel,6.7 l/100km,Automat
Mazda,MX-30,11/2021,407 760 Kč,16 419 km,107 kW,Elektro,,Automat
Volkswagen,Amarok,5/2024,1 182 760 Kč,13 300 km,151 kW,Diesel,8.7 l/100km,Automat
Volvo,EX30,12/2024,1 128 760 Kč,0 km,200 kW,Elektro,17 kWh/100km,Automat
MG,MG4,7/2023,536 760 Kč,7 000 km,125 kW,Elektro,17 kWh/100km,Automat
Volkswagen,Taigo,10/2023,517 260 Kč,13 800 km,70 kW,Benzín,4.7 l/100km,Manuál
Peugeot,Partner,4/2021,308 260 Kč,159 800 km,96 kW,Diesel,4.5 l/100km,Automat
Mercedes-Benz,GLA 45 AMG,2/2022,1 103 760 Kč,90 000 km,310 kW,Benzín,9 l/100km,Automat
Volkswagen,Arteon,5/2024,862 760 Kč,10 155 km,140 kW,Benzín,7 l/100km,Automat
Audi,A3,11/2022,599 760 Kč,46 361 km,150 kW,Hybrid,6.1 l/100km,Automat
Ora,Funky Cat,5/2023,536 260 Kč,13 557 km,126 kW,Elektro,,Automat
BMW,540,11/2024,1 515 760 Kč,0 km,223 kW,Diesel,6.3 l/100km,Automat
Volkswagen,ID.4,12/2024,1 469 760 Kč,0 km,210 kW,Elektro,16.7 kWh/100km,Automat
Audi,Q8,6/2023,1 235 760 Kč,64 236 km,250 kW,Elektro,22 kWh/100km,Automat
Mercedes-Benz,C 200,1/2024,1 061 260 Kč,37 088 km,150 kW,Benzín,6.7 l/100km,Automat
MG,MG4,11/2024,839 760 Kč,10 km,180 kW,Elektro,16.5 kWh/100km,Automat
Lexus,UX,9/2022,662 760 Kč,10 767 km,150 kW,Elektro,16.9 kWh/100km,Automat
Mercedes-Benz,B 250,11/2022,573 260 Kč,27 542 km,160 kW,Hybrid,,Automat
Ineos,Grenadier,1/2024,2 115 260 Kč,13 671 km,183 kW,Diesel,11.6 l/100km,Automat
Audi,S8,6/2017,1 263 260 Kč,74 500 km,445 kW,Benzín,9.7 l/100km,Automat
Cupra,Terramar,12/2024,1 261 760 Kč,50 km,150 kW,Benzín,7.7 l/100km,Automat
Toyota,Mirai,11/2020,681 260 Kč,8 000 km,113 kW,Vodík,,Automat
Mazda,MX-30,3/2021,407 760 Kč,17 909 km,107 kW,Elektro,,Automat
Citroën,C4,12/2022,508 760 Kč,6 303 km,96 kW,Benzín,5.4 l/100km,Automat
Opel,Ampera-e,1/2020,408 260 Kč,82 797 km,150 kW,Elektro,,Automat
Cupra,Tavascan,10/2024,1 338 260 Kč,4 687 km,250 kW,Elektro,16.5 kWh/100km,Automat
Volvo,S60,1/2024,1 273 760 Kč,20 km,253 kW,Hybrid,,Automat
Ford,Capri,12/2024,1 139 260 Kč,0 km,210 kW,Elektro,,Automat
Renault,Trafic,12/2024,1 126 760 Kč,500 km,110 kW,Diesel,6.9 l/100km,Automat
Kia,EV3,12/2024,884 760 Kč,0 km,150 kW,Elektro,16.2 kWh/100km,Automat
MG,MG5,7/2024,615 260 Kč,5 000 km,115 kW,Elektro,,Automat
GWM,03,3/2023,599 760 Kč,4 000 km,126 kW,Elektro,,Automat
Audi,A8,7/2022,1 575 760 Kč,20 000 km,250 kW,Benzín,8.2 l/100km,Automat
Volkswagen,Tiguan Allspace,11/2024,1 432 760 Kč,0 km,142 kW,Diesel,5.4 l/100km,Automat
Audi,Q3,2/2024,1 202 760 Kč,7 374 km,147 kW,Diesel,5.4 l/100km,Automat
Audi,A3,12/2021,716 260 Kč,40 010 km,180 kW,Hybrid,6.1 l/100km,Automat
Cupra,Born,9/2022,692 260 Kč,60 700 km,150 kW,Elektro,,Automat
Nissan,Townstar,8/2023,678 760 Kč,15 km,90 kW,Elektro,17.4 kWh/100km,Automat
Mercedes-Benz,A 250,8/2013,417 260 Kč,84 000 km,155 kW,Benzín,6.1 l/100km,Automat
Mercedes-Benz,GLE 350,8/2022,1 417 760 Kč,55 100 km,235 kW,Hybrid,,Automat
Jeep,Wrangler,11/2022,1 441 760 Kč,298 km,280 kW,Hybrid,9 l/100km,Automat
Audi,A7,12/2020,1 206 760 Kč,12 828 km,220 kW,Hybrid,,Automat
Kia,EV3,1/2025,973 260 Kč,0 km,150 kW,Elektro,16.2 kWh/100km,Automat
Nissan,Primastar,6/2024,866 760 Kč,23 km,110 kW,Diesel,7 l/100km,Automat
MG,ZS,8/2022,590 760 Kč,20 000 km,115 kW,Elektro,,Automat
Tesla,Model 3,12/2019,575 760 Kč,118 853 km,340 kW,Elektro,,Automat
Volkswagen,Touareg,1/2023,1 288 260 Kč,62 600 km,170 kW,Diesel,8.2 l/100km,Automat
BMW,iX1,12/2024,1 108 760 Kč,7 km,150 kW,Elektro,17.2 kWh/100km,Automat
Mercedes-Benz,EQE,3/2024,1 468 760 Kč,4 998 km,215 kW,Elektro,,Automat
Mercedes-Benz,E 300,4/2024,1 263 260 Kč,18 281 km,230 kW,Hybrid,,Automat
Cupra,Tavascan,12/2024,1 517 760 Kč,11 km,250 kW,Elektro,16.8 kWh/100km,Automat
BMW,iX,8/2022,1 239 260 Kč,48 900 km,240 kW,Elektro,,Automat
Kia,EV6,3/2023,1 049 760 Kč,49 800 km,430 kW,Elektro,20.6 kWh/100km,Automat
Mercedes-Benz,E 220,3/2022,977 260 Kč,118 400 km,147 kW,Diesel,5.5 l/100km,Automat
Peugeot,2008,5/2022,514 760 Kč,91 791 km,96 kW,Diesel,3.8 l/100km,Automat
Audi,Q2,9/2017,331 760 Kč,159 318 km,87 kW,Diesel,4.3 l/100km,Manuál
Lexus,RX 350,12/2024,1 549 760 Kč,1 km,183 kW,Hybrid,6.3 l/100km,Automat
BMW,i4,12/2024,1 288 260 Kč,0 km,250 kW,Elektro,18.6 kWh/100km,Automat
BMW,i4,11/2024,1 209 260 Kč,0 km,210 kW,Elektro,18.6 kWh/100km,Automat
MG,MG4,5/2024,615 260 Kč,2 500 km,125 kW,Elektro,17 kWh/100km,Automat
Citroën,Jumper,5/2021,381 760 Kč,129 000 km,88 kW,Diesel,9.1 l/100km,Manuál
Genesis,GV70,8/2022,1 367 760 Kč,18 789 km,360 kW,Elektro,,Automat
Audi,S5,1/2022,1 164 260 Kč,65 620 km,251 kW,Diesel,6.4 l/100km,Automat
Hyundai,Inster,12/2024,620 260 Kč,0 km,85 kW,Elektro,14.9 kWh/100km,Automat
MG,MG5,7/2024,615 260 Kč,5 000 km,115 kW,Elektro,,Automat
Ford,Transit Custom,2/2020,484 260 Kč,169 782 km,125 kW,Diesel,8.7 l/100km,Automat
MG,MG3,11/2024,471 260 Kč,10 km,143 kW,Hybrid,4.4 l/100km,Automat
Ford,Bronco,10/2024,1 602 260 Kč,150 km,205 kW,Benzín,12.7 l/100km,Automat
Mercedes-Benz,E 300,1/2024,1 552 260 Kč,9 927 km,230 kW,Hybrid,,Automat
MG,Marvel R,6/2023,800 260 Kč,5 000 km,212 kW,Elektro,,Automat
Mazda,MX-30,3/2024,655 260 Kč,12 000 km,107 kW,Elektro,17.9 kWh/100km,Automat
Audi,SQ2,12/2024,1 429 260 Kč,0 km,221 kW,Benzín,8.3 l/100km,Automat
Cupra,Tavascan,2/2025,1 285 760 Kč,150 km,250 kW,Elektro,,Automat
Alfa Romeo,Giulia,7/2024,997 760 Kč,20 000 km,206 kW,Benzín,7.2 l/100km,Automat
Nissan,Primastar,9/2024,832 760 Kč,10 km,110 kW,Diesel,6.9 l/100km,Manuál
Fiat,500X,9/2023,525 760 Kč,7 080 km,96 kW,Benzín,5 l/100km,Automat
Volkswagen,ID.3,9/2023,867 260 Kč,0 km,107 kW,Elektro,,Automat
Mazda,CX-30,12/2024,723 260 Kč,0 km,137 kW,Benzín,5.7 l/100km,Manuál
Seat,Ibiza,11/2020,241 760 Kč,68 000 km,66 kW,CNG,,Manuál
Kia,EV3,1/2025,973 260 Kč,0 km,150 kW,Elektro,16.2 kWh/100km,Automat
Kia,EV6,2/2023,971 760 Kč,64 700 km,239 kW,Elektro,,Automat
Audi,A4,11/2022,971 260 Kč,13 578 km,150 kW,Diesel,4.5 l/100km,Automat
Hyundai,IONIQ 6,2/2024,866 260 Kč,5 480 km,111 kW,Elektro,,Automat
Fiat,Scudo,10/2023,775 260 Kč,103 km,107 kW,Diesel,5.4 l/100km,Manuál
DR Automobiles,5,5/2023,588 260 Kč,1 km,110 kW,LPG,8.4 l/100km,Automat
MG,MG4,12/2022,575 760 Kč,5 km,125 kW,Elektro,17 kWh/100km,Automat
GWM,03,3/2023,523 260 Kč,13 950 km,126 kW,Elektro,,Automat
Mercedes-Benz,GLC 300,1/2022,952 760 Kč,75 395 km,225 kW,Hybrid,,Automat
BMW,330,3/2022,716 260 Kč,59 600 km,216 kW,Hybrid,,Automat
Mazda,MX-30,11/2024,681 260 Kč,5 km,107 kW,Elektro,17.9 kWh/100km,Automat
Opel,Vivaro,6/2022,439 760 Kč,118 700 km,88 kW,Diesel,4.8 l/100km,Manuál
Ford,Explorer,1/2024,1 438 760 Kč,0 km,250 kW,Elektro,,Automat
Volvo,V90,1/2025,1 378 260 Kč,0 km,261 kW,Hybrid,,Automat
Volkswagen,T6 Caravelle,3/2018,951 760 Kč,80 000 km,150 kW,Diesel,6.4 l/100km,Automat
Volkswagen,Amarok,2/2025,1 853 260 Kč,285 km,177 kW,Diesel,10.4 l/100km,Automat
Porsche,Taycan,5/2021,1 512 760 Kč,57 000 km,350 kW,Elektro,,Automat
Audi,S5,9/2021,1 222 260 Kč,44 594 km,251 kW,Diesel,6.4 l/100km,Automat
BMW,128,4/2024,971 760 Kč,17 900 km,195 kW,Benzín,6.6 l/100km,Automat
Škoda,Kodiaq,2/2024,824 260 Kč,5 950 km,110 kW,Benzín,6.9 l/100km,Automat
Ora,Funky Cat,5/2023,626 260 Kč,5 000 km,126 kW,Elektro,,Automat
